finding_id,file,line,author_metadata,commit,evidence,identity_verified,latest_modification_commit,latest_modification_author,reviewed_modification_commit,reviewed_modification_author,subsequent_remediation,finding_count
DOC01,README.md,32,Aditya,972c6a0a9a67e98f623d8b6e7f0828c062a81834,git log --reverse -S 'It never fills in a default' -- README.md identifies introduction; current code independently checked.,False,270fcf9fa1d5ac476be683f7710266b635c3dfc3,Aditya,,,,1
DOC02,data/live/README.md,11,MeenalSinha,55c869f796c7857749bed32668d7da070a5d10b1,git log --all --reverse -S 'Snapshot manifest' identifies introduction in 55c869f; current manifest/payload discrepancy was verified separately. Later capture updates do not imply authorship of original observations.,False,3789d0815b3d5562979bde237c2383e5a527c2b1,MeenalSinha,,,,1
DOC03,docs/audit/data-authenticity.md,5,Aditya,a03c7a851cee8028b71293c5f3ab802496028d9e,File introduction and git log -S establish historical audit author; not authorship of code it discusses.,False,a03c7a851cee8028b71293c5f3ab802496028d9e,Aditya,,,,1
DOC04,data/live/README.md,25,MeenalSinha,55c869f796c7857749bed32668d7da070a5d10b1,"Original file-add commit; examples have subsequently evolved, current complete example authorship not independently verified.",False,3789d0815b3d5562979bde237c2383e5a527c2b1,MeenalSinha,,,,1
BE01,api/handlers/app.py,31,Aditya,0b52a3119dd047a656798909289f2107d9d1d740,"Actual introduction checked with local git log --all --reverse -S against declaration; Git author metadata only, identity not independently verified.",False,a437064dbbfab4aaa210e99c828c7ee315d25366,Aditya,,,,1
BE02,api/handlers/app.py,43,Aditya,0b52a3119dd047a656798909289f2107d9d1d740,"Actual introduction checked with local git log --all --reverse -S against declaration; Git author metadata only, identity not independently verified.",False,a437064dbbfab4aaa210e99c828c7ee315d25366,Aditya,,,,1
BE03,api/handlers/app.py,56,Aditya,0b52a3119dd047a656798909289f2107d9d1d740,"Actual introduction checked with local git log --all --reverse -S against declaration; Git author metadata only, identity not independently verified.",False,a437064dbbfab4aaa210e99c828c7ee315d25366,Aditya,,,,1
BE04,api/handlers/app.py,142,Aditya,a437064dbbfab4aaa210e99c828c7ee315d25366,"Actual introduction checked with local git log --all --reverse -S against declaration; Git author metadata only, identity not independently verified.",False,a437064dbbfab4aaa210e99c828c7ee315d25366,Aditya,,,,1
BE05,api/handlers/app.py,175,Aditya,0b52a3119dd047a656798909289f2107d9d1d740,"Actual introduction checked with local git log --all --reverse -S against declaration; Git author metadata only, identity not independently verified.",False,a437064dbbfab4aaa210e99c828c7ee315d25366,Aditya,,,,1
BE06,api/handlers/app.py,123,Aditya,0b52a3119dd047a656798909289f2107d9d1d740,"Actual introduction checked with local git log --all --reverse -S against declaration; Git author metadata only, identity not independently verified.",False,a437064dbbfab4aaa210e99c828c7ee315d25366,Aditya,,,,1
BE07,pipeline/steps.py,33,Aditya,2c109c24857e2856578e1897cd13e57fad426851;55f04f3ba8514c275c6f76838ed59d89c4bdbbbb,Git -S FEEDS and local history identify initial mapping2c109c2; sites reference fallback added55f04f3. Metadata only.,False,b886e2ede79d58e67b5742bac392f5e97b713eb9,Pritam Singh,,,,1
BE08,pipeline/steps.py,83,Pritam Singh,19db97d872cfd308a40163287625c1f64a694678,Git -S forecast_hours then git show2c109c2 and19db97d verified24->48 change. Metadata only.,False,b886e2ede79d58e67b5742bac392f5e97b713eb9,Pritam Singh,,,,1
BE09,pipeline/steps.py,111,Aditya,2c109c24857e2856578e1897cd13e57fad426851;ee7932eb81ba7a5f5fc7a93a864c3f67f366280a,Input mapping in pipeline introduction2c109c2; git -S reserve identifiesee7932e. Metadata only.,False,b886e2ede79d58e67b5742bac392f5e97b713eb9,Pritam Singh,,,,1
BE10,pipeline/contracts.py,18,Aditya,80ec1ffb8d24d1061e742981354679d4544a46da,"Actual introduction checked with local git log --all --reverse -S against declaration; Git author metadata only, identity not independently verified.",False,df7b0c6a99007ab0c062e6fcb735cba42d0d5e4e,MeenalSinha,,,,1
BE11,pipeline/contracts.py,36,Aditya,80ec1ffb8d24d1061e742981354679d4544a46da,"Actual introduction checked with local git log --all --reverse -S against declaration; Git author metadata only, identity not independently verified.",False,df7b0c6a99007ab0c062e6fcb735cba42d0d5e4e,MeenalSinha,,,,1
BE12,pipeline/contracts.py,121,Aditya,80ec1ffb8d24d1061e742981354679d4544a46da,"Actual introduction checked with local git log --all --reverse -S against declaration; Git author metadata only, identity not independently verified.",False,df7b0c6a99007ab0c062e6fcb735cba42d0d5e4e,MeenalSinha,,,,1
IN01,infra/template.yaml,5,Aditya,e334439052e2367d2530d98247d41888ef551730;6f0358e120719b7b650c8a2581370621740f44f0,Git -S runtime identifiese334439; storage env addition6f0358e in history. Metadata only.,False,561fb9bffd34e7e5f813f8813a60ea71a7f549dd,Aditya,,,,1
IN02,infra/template.yaml,18,Aditya,21daec481fe29bf885c00b31a395f1a32496ac98,"Actual introduction checked with local git log --all --reverse -S against declaration; Git author metadata only, identity not independently verified.",False,561fb9bffd34e7e5f813f8813a60ea71a7f549dd,Aditya,,,,1
IN03,infra/template.yaml,25,Aditya,c54f4e814505a47d50546d157ba0ebf9e84a2b8a;561fb9bffd34e7e5f813f8813a60ea71a7f549dd,Git -S default profile/fallback identifiesc54f4e8; NovaPro addition561fb9b. Metadata only.,False,561fb9bffd34e7e5f813f8813a60ea71a7f549dd,Aditya,,,,1
IN04,infra/template.yaml,237,Aditya,e334439052e2367d2530d98247d41888ef551730,Scoped file history shows IAM ingestion roles introducede334439. No values reproduced.,False,561fb9bffd34e7e5f813f8813a60ea71a7f549dd,Aditya,,,,1
IN05,infra/template.yaml,326,Aditya,e334439052e2367d2530d98247d41888ef551730;d673edb0ff1319481b24765c9036f5287b12f92c;e7955e14c92d27c993f1906615f1ea361237cd7f,"Git -S schedules/day_range and history distinguish ingestion,sfn,window additions.",False,561fb9bffd34e7e5f813f8813a60ea71a7f549dd,Aditya,,,,1
IN06,infra/template.yaml,319,Aditya,e334439052e2367d2530d98247d41888ef551730;d673edb0ff1319481b24765c9036f5287b12f92c;cc5144899d58def4840e01561d8e4cddbe2bb948;14c020ab26dddf3a9f341f4c641e5acf51e8d5b7,"Initial ingestion/runtime sizes e334439,pipeline d673edb,APIcc514489; agent timeout600 introduced14c020a.",False,561fb9bffd34e7e5f813f8813a60ea71a7f549dd,Aditya,,,,1
IN07,infra/template.yaml,497,Aditya,d673edb0ff1319481b24765c9036f5287b12f92c,"Actual introduction checked with local git log --all --reverse -S against declaration; Git author metadata only, identity not independently verified.",False,561fb9bffd34e7e5f813f8813a60ea71a7f549dd,Aditya,,,,1
IN08,infra/template.yaml,588,Aditya,cc5144899d58def4840e01561d8e4cddbe2bb948,"Actual introduction checked with local git log --all --reverse -S against declaration; Git author metadata only, identity not independently verified.",False,561fb9bffd34e7e5f813f8813a60ea71a7f549dd,Aditya,,,,1
IN09,infra/template.yaml,644,Aditya,c53f98da78a194d407e89c4aaa727ccb8c2c69dc,"Actual introduction checked with local git log --all --reverse -S against declaration; Git author metadata only, identity not independently verified.",False,561fb9bffd34e7e5f813f8813a60ea71a7f549dd,Aditya,,,,1
IN10,infra/template.yaml,691,Aditya,70ffe87ac90fdd59f3e025171708161f88720285,"Actual introduction checked with local git log --all --reverse -S against declaration; Git author metadata only, identity not independently verified.",False,561fb9bffd34e7e5f813f8813a60ea71a7f549dd,Aditya,,,,1
IN11,infra/template.yaml,752,Aditya,e2fcc2886c35d71d4f4f0142eed657002436ee60;21daec481fe29bf885c00b31a395f1a32496ac98,Alarm introductione2fcc288; budget percentage configuration foundation21daec4.,False,561fb9bffd34e7e5f813f8813a60ea71a7f549dd,Aditya,,,,1
IN12,infra/template.yaml,225,Aditya,e334439052e2367d2530d98247d41888ef551730,"Actual introduction checked with local git log --all --reverse -S against declaration; Git author metadata only, identity not independently verified.",False,561fb9bffd34e7e5f813f8813a60ea71a7f549dd,Aditya,,,,1
PK01,infra/lambda/Makefile,8,Pritam Singh,a5f7b6c7a5ab502005d407cbc001007c68c3bd96,Git -S cp312 finds a5f7b6c; original makefile platform/runtime introduced7463510. Current cp312/no-bytecode milestone attributed here.,False,9099baf620f84febd42695fe575d864249a1ee86,Pritam Singh,,,,1
PK02,scripts/stage_lambda_sources.py,9,Pritam Singh,1adbe263344ca5df3f8e3032f7c838adb31f5e60,"Actual introduction checked with local git log --all --reverse -S against declaration; Git author metadata only, identity not independently verified.",False,1adbe263344ca5df3f8e3032f7c838adb31f5e60,Pritam Singh,,,,1
PK03,infra/lambda/prune.py,9,Pritam Singh,9099baf620f84febd42695fe575d864249a1ee86,"Actual introduction checked with local git log --all --reverse -S against declaration; Git author metadata only, identity not independently verified.",False,9099baf620f84febd42695fe575d864249a1ee86,Pritam Singh,,,,1
PK04,scripts/verify_lambda_dependencies.py,63,Pritam Singh,657682381313a29c972d9939e107eb618eb3b56e,"Actual introduction checked with local git log --all --reverse -S against declaration; Git author metadata only, identity not independently verified.",False,657682381313a29c972d9939e107eb618eb3b56e,Pritam Singh,,,,1
PK05,scripts/verify_lambda_dependencies.py,64,Pritam Singh,657682381313a29c972d9939e107eb618eb3b56e,"Actual introduction checked with local git log --all --reverse -S against declaration; Git author metadata only, identity not independently verified.",False,657682381313a29c972d9939e107eb618eb3b56e,Pritam Singh,,,,1
PK06,requirements.txt,5,Aditya; MeenalSinha; Pritam Singh,55c869f796c7857749bed32668d7da070a5d10b1;63212253021ec1c77fd79fe66c2b54b19161d6cd;9082eff76779822c23915a202cbb28d9df9c71f2;83c048b0ab3264bfdc886c51af7e93ad8207953b,"Git -S representative dependency declarations and scoped histories; group deliberately spans multiple actual introductions, not solely last toucher.",False,9082eff76779822c23915a202cbb28d9df9c71f2,Pritam Singh,,,,1
CI01,.github/workflows/python312.yml,15,Pritam Singh,6fa4ad54868b02923b4a76216135c546b9e0a3ed,"Actual introduction checked with local git log --all --reverse -S against declaration; Git author metadata only, identity not independently verified.",False,6fa4ad54868b02923b4a76216135c546b9e0a3ed,Pritam Singh,,,,1
CI02,.github/workflows/python312.yml,17,Pritam Singh,6fa4ad54868b02923b4a76216135c546b9e0a3ed,"Actual introduction checked with local git log --all --reverse -S against declaration; Git author metadata only, identity not independently verified.",False,6fa4ad54868b02923b4a76216135c546b9e0a3ed,Pritam Singh,,,,1
CI03,.github/workflows/self-hosted-windows-diagnostic.yml,11,Pritam Singh,27a8a9688d08e5cfa9bc4e9de8900ac0a2134729,"Actual introduction checked with local git log --all --reverse -S against declaration; Git author metadata only, identity not independently verified.",False,27a8a9688d08e5cfa9bc4e9de8900ac0a2134729,Pritam Singh,,,,1
SC01,scripts/local_api.py,20,Aditya,4f9498b260b20d963be1830f436d6e2510df5397,"Actual introduction checked with local git log --all --reverse -S against declaration; Git author metadata only, identity not independently verified.",False,4f9498b260b20d963be1830f436d6e2510df5397,Aditya,,,,1
SC02,scripts/smoke_test.py,29,Aditya,f1a63d981bb25aca14b05beb2f0c7be11452a5b3,"Actual introduction checked with local git log --all --reverse -S against declaration; Git author metadata only, identity not independently verified.",False,5140854dc670f9758b450d48810392a926d527b4,Aditya,,,,1
SC03,scripts/smoke_test.py,37,Aditya,f1a63d981bb25aca14b05beb2f0c7be11452a5b3,"Actual introduction checked with local git log --all --reverse -S against declaration; Git author metadata only, identity not independently verified.",False,5140854dc670f9758b450d48810392a926d527b4,Aditya,,,,1
SC04,scripts/deploy.sh,6,Aditya,13a3a8860e48dbf530e6bb5f7e9fe77694d1d4cb;1742d43f888de1f29fe201041586759342a00ee1;774e34ad608d86efeed4e605b3fa299b10f368fc;561fb9bffd34e7e5f813f8813a60ea71a7f549dd,Initial stack/region13a3a886; later explicit model/fallback parameter additions1742d43/774e34a/561fb9b.,False,6fa4ad54868b02923b4a76216135c546b9e0a3ed,Pritam Singh,,,,1
SC05,scripts/deploy_web.sh,25,Aditya,9668f4f72339def8faf11964ec90d88f8920f160,"Actual introduction checked with local git log --all --reverse -S against declaration; Git author metadata only, identity not independently verified.",False,9668f4f72339def8faf11964ec90d88f8920f160,Aditya,,,,1
SC06,scripts/load_reference.py,23,Aditya,5036543942a0e57dc7715855664f6c89e05ee049,"Actual introduction checked with local git log --all --reverse -S against declaration; Git author metadata only, identity not independently verified.",False,5036543942a0e57dc7715855664f6c89e05ee049,Aditya,,,,1
SC07,scripts/cost_check.sh,25,Aditya,41f4e18c2992d42cb02f8533f8a7977314dc182b;d023115f18da2587b253586619bd845869d5c275,Git -S0.005 identifies original41f4e18; filter moved intoAwk byd023115.,False,d023115f18da2587b253586619bd845869d5c275,Aditya,,,,1
TS01,api/tests/test_app.py,14,Aditya,68523c889edd5bd516052e18f5dde5f95b5f10d8,"Actual introduction checked with local git log --all --reverse -S against declaration; Git author metadata only, identity not independently verified.",False,a437064dbbfab4aaa210e99c828c7ee315d25366,Aditya,,,,1
TS02,api/tests/test_app.py,95,Aditya,a437064dbbfab4aaa210e99c828c7ee315d25366,"Actual introduction checked with local git log --all --reverse -S against declaration; Git author metadata only, identity not independently verified.",False,a437064dbbfab4aaa210e99c828c7ee315d25366,Aditya,,,,1
TS03,pipeline/tests/test_contracts.py,33,Aditya,6dc63879877e2949da31534ca0997132ffd72853,"Actual introduction checked with local git log --all --reverse -S against declaration; Git author metadata only, identity not independently verified.",False,e4ee706824919ffd1f0a09b8a3da999e1d606d74,Pritam Singh,,,,1
TS04,pipeline/tests/test_steps.py,37,Pritam Singh,19db97d872cfd308a40163287625c1f64a694678,"Actual introduction checked with local git log --all --reverse -S against declaration; Git author metadata only, identity not independently verified.",False,e4ee706824919ffd1f0a09b8a3da999e1d606d74,Pritam Singh,,,,1
TS05,pipeline/tests/test_steps.py,69,Aditya; MeenalSinha,c3c090570225669b8513cc05a9b0b26bea2a4fc0;df7b0c6a99007ab0c062e6fcb735cba42d0d5e4e,Git -S fixedtimestamp reveals originalc3c0905 and additionalpopulationfailuredf7b0c6; separate fields introduced by different authors.,False,e4ee706824919ffd1f0a09b8a3da999e1d606d74,Pritam Singh,,,,1
TS06,pipeline/tests/test_steps.py,117,Aditya; Pritam Singh,a8b4a1762e48a347ea55b905fb00e5e3c4bcdb0e;ee7932eb81ba7a5f5fc7a93a864c3f67f366280a,Git -S bad-parameter artifact and return300_000 prove distinct introductionsa8b4a17/ee7932e.,False,e4ee706824919ffd1f0a09b8a3da999e1d606d74,Pritam Singh,,,,1
TS07,scripts/tests/test_verify_lambda_dependencies.py,13,Pritam Singh,781430e9a6eb84431e5612a30d5b9fd3726d3681,"Actual introduction checked with local git log --all --reverse -S against declaration; Git author metadata only, identity not independently verified.",False,781430e9a6eb84431e5612a30d5b9fd3726d3681,Pritam Singh,,,,1
TS08,scripts/tests/test_verify_lambda_dependencies.py,141,Pritam Singh,781430e9a6eb84431e5612a30d5b9fd3726d3681,"Actual introduction checked with local git log --all --reverse -S against declaration; Git author metadata only, identity not independently verified.",False,781430e9a6eb84431e5612a30d5b9fd3726d3681,Pritam Singh,,,,1
TS09,scripts/tests/test_lambda_package_size.py,20,Pritam Singh,c509c4ff3777726ca72fcf4921d66ec25b297b6f,"Actual introduction checked with local git log --all --reverse -S against declaration; Git author metadata only, identity not independently verified.",False,c509c4ff3777726ca72fcf4921d66ec25b297b6f,Pritam Singh,,,,1
WEB-001,web/src/services/api.ts,9,Saba Saeed,3d7ce9627701b501543c6af3dfbdf635856d29e6,Chronological pickaxe/file-introduction and added-line review; Git author metadata only. Declaration introduction is separate from external observation authorship.,False,89464e90b453ff9dbe73328206ceb5662a7f5da1,Pritam Singh,,,,1
WEB-002,web/src/services/api.ts,128,Saba Saeed,3d7ce9627701b501543c6af3dfbdf635856d29e6,Chronological pickaxe/file-introduction and added-line review; Git author metadata only. Declaration introduction is separate from external observation authorship.,False,89464e90b453ff9dbe73328206ceb5662a7f5da1,Pritam Singh,,,,1
WEB-003,web/src/services/api.ts,23,Pritam Singh,89464e90b453ff9dbe73328206ceb5662a7f5da1,Chronological pickaxe/file-introduction and added-line review; Git author metadata only. Declaration introduction is separate from external observation authorship.,False,89464e90b453ff9dbe73328206ceb5662a7f5da1,Pritam Singh,,,,1
WEB-004,web/src/services/api.ts,84,Pritam Singh,89464e90b453ff9dbe73328206ceb5662a7f5da1,Chronological pickaxe/file-introduction and added-line review; Git author metadata only. Declaration introduction is separate from external observation authorship.,False,89464e90b453ff9dbe73328206ceb5662a7f5da1,Pritam Singh,,,,1
WEB-005,web/src/services/dataContext.tsx,94,Saba Saeed,904c0ca7dc763700412cc05b5154831048775688,Chronological pickaxe/file-introduction and added-line review; Git author metadata only. Declaration introduction is separate from external observation authorship.,False,89464e90b453ff9dbe73328206ceb5662a7f5da1,Pritam Singh,,,,1
WEB-006,web/src/services/dataContext.tsx,237,Saba Saeed,f49d6e74c7f0711000d33d2908da8342e45355d1,Chronological pickaxe/file-introduction and added-line review; Git author metadata only. Declaration introduction is separate from external observation authorship.,False,89464e90b453ff9dbe73328206ceb5662a7f5da1,Pritam Singh,,,,1
WEB-007,web/src/components/analytics/WhatIfWeAct.tsx,27,Saba Saeed,3d7ce9627701b501543c6af3dfbdf635856d29e6,Chronological pickaxe/file-introduction and added-line review; Git author metadata only. Declaration introduction is separate from external observation authorship.,False,c211d923a2b8368d7cf6a244efb61bf86f472687,Pritam Singh,,,,1
WEB-008,web/src/components/kpi/MetricGrid.tsx,122,Saba Saeed,904c0ca7dc763700412cc05b5154831048775688,Chronological pickaxe/file-introduction and added-line review; Git author metadata only. Declaration introduction is separate from external observation authorship.,False,c211d923a2b8368d7cf6a244efb61bf86f472687,Pritam Singh,,,,1
WEB-009,web/src/services/dataContext.tsx,253,Saba Saeed,3d7ce9627701b501543c6af3dfbdf635856d29e6,Chronological pickaxe/file-introduction and added-line review; Git author metadata only. Declaration introduction is separate from external observation authorship.,False,89464e90b453ff9dbe73328206ceb5662a7f5da1,Pritam Singh,,,,1
WEB-010,web/src/components/kpi/AqiKpiCard.tsx,49,Pritam Singh,c211d923a2b8368d7cf6a244efb61bf86f472687,Chronological pickaxe/file-introduction and added-line review; Git author metadata only. Declaration introduction is separate from external observation authorship.,False,c211d923a2b8368d7cf6a244efb61bf86f472687,Pritam Singh,,,,1
WEB-011,web/src/components/kpi/AqiKpiCard.tsx,8,Saba Saeed,b27b098e44acee90863aeafb53ee90456d343cdd,Chronological pickaxe/file-introduction and added-line review; Git author metadata only. Declaration introduction is separate from external observation authorship.,False,c211d923a2b8368d7cf6a244efb61bf86f472687,Pritam Singh,,,,1
WEB-012,web/src/types/schemas.ts,8,Pritam Singh,89464e90b453ff9dbe73328206ceb5662a7f5da1,Chronological pickaxe/file-introduction and added-line review; Git author metadata only. Declaration introduction is separate from external observation authorship.,False,89464e90b453ff9dbe73328206ceb5662a7f5da1,Pritam Singh,,,,1
WEB-013,web/src/types/schemas.ts,187,Saba Saeed,3d7ce9627701b501543c6af3dfbdf635856d29e6,Chronological pickaxe/file-introduction and added-line review; Git author metadata only. Declaration introduction is separate from external observation authorship.,False,89464e90b453ff9dbe73328206ceb5662a7f5da1,Pritam Singh,,,,1
WEB-014,web/src/components/map/thermalMarker.ts,8,Saba Saeed,084df3b8c455915d243e080dca6fe59085195995,Chronological pickaxe/file-introduction and added-line review; Git author metadata only. Declaration introduction is separate from external observation authorship.,False,59e28389789c18089c2b0ed039ef92cd7302603e,Pritam Singh,,,,1
WEB-015,web/src/components/analytics/SourceBreakdown.tsx,87,Saba Saeed,b27b098e44acee90863aeafb53ee90456d343cdd,Chronological pickaxe/file-introduction and added-line review; Git author metadata only. Declaration introduction is separate from external observation authorship.,False,fab0872a8036bac47e53a62f4fef6fee3935b3a4,Pritam Singh,,,,1
WEB-016,web/src/components/views/FireSourcesView.tsx,40,Saba Saeed,f49d6e74c7f0711000d33d2908da8342e45355d1,Chronological pickaxe/file-introduction and added-line review; Git author metadata only. Declaration introduction is separate from external observation authorship.,False,fab0872a8036bac47e53a62f4fef6fee3935b3a4,Pritam Singh,,,,1
WEB-017,web/src/components/views/FireSourcesView.tsx,203,Unknown/unattributed,,No reliable grouped-declaration introduction evidence; not inferred from last editor.,False,fab0872a8036bac47e53a62f4fef6fee3935b3a4,Pritam Singh,,,,1
WEB-018,web/src/components/views/FireSourcesView.tsx,235,Saba Saeed,f49d6e74c7f0711000d33d2908da8342e45355d1,Chronological pickaxe/file-introduction and added-line review; Git author metadata only. Declaration introduction is separate from external observation authorship.,False,fab0872a8036bac47e53a62f4fef6fee3935b3a4,Pritam Singh,,,,1
WEB-019,web/src/components/map/heatmap.ts,4,Pritam Singh,51b18ba04f42de68d612901ef7e65a4b102de858,Chronological pickaxe/file-introduction and added-line review; Git author metadata only. Declaration introduction is separate from external observation authorship.,False,51b18ba04f42de68d612901ef7e65a4b102de858,Pritam Singh,,,,1
WEB-020,web/src/components/map/heatmap.ts,7,Pritam Singh,51b18ba04f42de68d612901ef7e65a4b102de858,Chronological pickaxe/file-introduction and added-line review; Git author metadata only. Declaration introduction is separate from external observation authorship.,False,51b18ba04f42de68d612901ef7e65a4b102de858,Pritam Singh,,,,1
WEB-021,web/src/components/map/heatmap.ts,58,Pritam Singh,51b18ba04f42de68d612901ef7e65a4b102de858,Chronological pickaxe/file-introduction and added-line review; Git author metadata only. Declaration introduction is separate from external observation authorship.,False,51b18ba04f42de68d612901ef7e65a4b102de858,Pritam Singh,,,,1
WEB-022,web/src/components/map/heatmap.ts,72,Pritam Singh,51b18ba04f42de68d612901ef7e65a4b102de858,Chronological pickaxe/file-introduction and added-line review; Git author metadata only. Declaration introduction is separate from external observation authorship.,False,51b18ba04f42de68d612901ef7e65a4b102de858,Pritam Singh,,,,1
WEB-023,web/src/components/map/useScientificLayers.ts,35,Pritam Singh,51b18ba04f42de68d612901ef7e65a4b102de858,Chronological pickaxe/file-introduction and added-line review; Git author metadata only. Declaration introduction is separate from external observation authorship.,False,51b18ba04f42de68d612901ef7e65a4b102de858,Pritam Singh,,,,1
WEB-024,web/src/components/map/useObservationHeatmap.ts,7,Pritam Singh,51b18ba04f42de68d612901ef7e65a4b102de858,Chronological pickaxe/file-introduction and added-line review; Git author metadata only. Declaration introduction is separate from external observation authorship.,False,51b18ba04f42de68d612901ef7e65a4b102de858,Pritam Singh,,,,1
WEB-025,web/src/components/map/mapStyles.ts,9,Saba Saeed,42db1a7147a48ed7ddb0e1c6199fca69ebaaefe9,Chronological pickaxe/file-introduction and added-line review; Git author metadata only. Declaration introduction is separate from external observation authorship.,False,51b18ba04f42de68d612901ef7e65a4b102de858,Pritam Singh,,,,1
WEB-026,web/src/components/map/mapStyles.ts,66,Saba Saeed,66b31478e778732430c75b8d0857ada74bd38f45,Chronological pickaxe/file-introduction and added-line review; Git author metadata only. Declaration introduction is separate from external observation authorship.,False,51b18ba04f42de68d612901ef7e65a4b102de858,Pritam Singh,,,,1
WEB-027,web/src/components/map/mapStyles.ts,84,Saba Saeed,66b31478e778732430c75b8d0857ada74bd38f45,Chronological pickaxe/file-introduction and added-line review; Git author metadata only. Declaration introduction is separate from external observation authorship.,False,51b18ba04f42de68d612901ef7e65a4b102de858,Pritam Singh,,,,1
WEB-028,web/src/components/map/mapStyles.ts,115,Saba Saeed,42db1a7147a48ed7ddb0e1c6199fca69ebaaefe9,Chronological pickaxe/file-introduction and added-line review; Git author metadata only. Declaration introduction is separate from external observation authorship.,False,51b18ba04f42de68d612901ef7e65a4b102de858,Pritam Singh,,,,1
WEB-029,web/src/components/map/MapContainer.tsx,60,Saba Saeed,3f238facb3b56a3a0a129946a718a4fdc33adc29,Chronological pickaxe/file-introduction and added-line review; Git author metadata only. Declaration introduction is separate from external observation authorship.,False,51b18ba04f42de68d612901ef7e65a4b102de858,Pritam Singh,,,,1
WEB-030,web/src/components/map/MapExplorerView.tsx,112,Saba Saeed,66b31478e778732430c75b8d0857ada74bd38f45,Chronological pickaxe/file-introduction and added-line review; Git author metadata only. Declaration introduction is separate from external observation authorship.,False,51b18ba04f42de68d612901ef7e65a4b102de858,Pritam Singh,,,,1
WEB-031,web/src/components/layout/Header.tsx,18,Pritam Singh,19e5405f1e440bb2cef905341c1b2c2bf4b3dd51,Chronological pickaxe/file-introduction and added-line review; Git author metadata only. Declaration introduction is separate from external observation authorship.,False,19e5405f1e440bb2cef905341c1b2c2bf4b3dd51,Pritam Singh,,,,1
WEB-032,web/src/components/views/WindWeatherView.tsx,8,Unknown/unattributed,,No reliable grouped-declaration introduction evidence; not inferred from last editor.,False,89464e90b453ff9dbe73328206ceb5662a7f5da1,Pritam Singh,,,,1
WEB-033,web/src/components/views/WindWeatherView.tsx,13,Pritam Singh,89464e90b453ff9dbe73328206ceb5662a7f5da1,Chronological pickaxe/file-introduction and added-line review; Git author metadata only. Declaration introduction is separate from external observation authorship.,False,89464e90b453ff9dbe73328206ceb5662a7f5da1,Pritam Singh,,,,1
WEB-034,web/src/components/map/MapContainer.tsx,224,Saba Saeed,35e3d97ab7eed25b6d88d3737578929299d496c8,Chronological pickaxe/file-introduction and added-line review; Git author metadata only. Declaration introduction is separate from external observation authorship.,False,51b18ba04f42de68d612901ef7e65a4b102de858,Pritam Singh,,,,1
WEB-035,web/src/components/map/MapExplorerView.tsx,258,Saba Saeed,66b31478e778732430c75b8d0857ada74bd38f45,Chronological pickaxe/file-introduction and added-line review; Git author metadata only. Declaration introduction is separate from external observation authorship.,False,51b18ba04f42de68d612901ef7e65a4b102de858,Pritam Singh,,,,1
WEB-036,web/src/components/views/PopulationRiskView.tsx,21,Pritam Singh,42570f60a3884066736feed8e0a16a2f4ab0fe1f,Chronological pickaxe/file-introduction and added-line review; Git author metadata only. Declaration introduction is separate from external observation authorship.,False,42570f60a3884066736feed8e0a16a2f4ab0fe1f,Pritam Singh,,,,1
WEB-037,web/src/components/sites/TopAffectedAreas.tsx,14,Saba Saeed,2a6e5f51a6e10c1ad006ba7903c2653913937832,Chronological pickaxe/file-introduction and added-line review; Git author metadata only. Declaration introduction is separate from external observation authorship.,False,42570f60a3884066736feed8e0a16a2f4ab0fe1f,Pritam Singh,,,,1
WEB-038,web/src/components/map/mapData.ts,8,Pritam Singh,51b18ba04f42de68d612901ef7e65a4b102de858,Chronological pickaxe/file-introduction and added-line review; Git author metadata only. Declaration introduction is separate from external observation authorship.,False,51b18ba04f42de68d612901ef7e65a4b102de858,Pritam Singh,,,,1
WEB-039,web/src/components/map/TimeControls.tsx,6,Saba Saeed,b1440801bd26e59bbc70b108117dc1bd90d5110c,Chronological pickaxe/file-introduction and added-line review; Git author metadata only. Declaration introduction is separate from external observation authorship.,False,51b18ba04f42de68d612901ef7e65a4b102de858,Pritam Singh,,,,1
WEB-040,web/src/components/map/MapExplorerView.tsx,89,Saba Saeed,35e3d97ab7eed25b6d88d3737578929299d496c8,Chronological pickaxe/file-introduction and added-line review; Git author metadata only. Declaration introduction is separate from external observation authorship.,False,51b18ba04f42de68d612901ef7e65a4b102de858,Pritam Singh,,,,1
WEB-041,web/src/components/map/MapExplorerView.tsx,329,Saba Saeed,66b31478e778732430c75b8d0857ada74bd38f45,Chronological pickaxe/file-introduction and added-line review; Git author metadata only. Declaration introduction is separate from external observation authorship.,False,51b18ba04f42de68d612901ef7e65a4b102de858,Pritam Singh,,,,1
WEB-042,web/src/components/map/MapExplorerView.tsx,248,Saba Saeed,084df3b8c455915d243e080dca6fe59085195995,Chronological pickaxe/file-introduction and added-line review; Git author metadata only. Declaration introduction is separate from external observation authorship.,False,51b18ba04f42de68d612901ef7e65a4b102de858,Pritam Singh,,,,1
WEB-043,web/src/components/map/MapExplorerView.tsx,294,Saba Saeed,35e3d97ab7eed25b6d88d3737578929299d496c8,Chronological pickaxe/file-introduction and added-line review; Git author metadata only. Declaration introduction is separate from external observation authorship.,False,51b18ba04f42de68d612901ef7e65a4b102de858,Pritam Singh,,,,1
WEB-044,web/src/components/analytics/RecommendedActions.tsx,18,Saba Saeed,904c0ca7dc763700412cc05b5154831048775688,Chronological pickaxe/file-introduction and added-line review; Git author metadata only. Declaration introduction is separate from external observation authorship.,False,038a5dfde5a3d994b5a0e76d12ac43a8d1700938,Pritam Singh,,,,1
WEB-045,web/src/components/views/AnalyticsView.tsx,54,Saba Saeed,f49d6e74c7f0711000d33d2908da8342e45355d1,Chronological pickaxe/file-introduction and added-line review; Git author metadata only. Declaration introduction is separate from external observation authorship.,False,97c2af3432151dfbe916e14f46dd64ba550f74f0,Pritam Singh,,,,1
WEB-046,web/src/components/views/AnalyticsView.tsx,78,Saba Saeed,f49d6e74c7f0711000d33d2908da8342e45355d1,Chronological pickaxe/file-introduction and added-line review; Git author metadata only. Declaration introduction is separate from external observation authorship.,False,97c2af3432151dfbe916e14f46dd64ba550f74f0,Pritam Singh,,,,1
WEB-047,web/src/components/agent/actionChecklist.ts,4,Pritam Singh,038a5dfde5a3d994b5a0e76d12ac43a8d1700938,Chronological pickaxe/file-introduction and added-line review; Git author metadata only. Declaration introduction is separate from external observation authorship.,False,038a5dfde5a3d994b5a0e76d12ac43a8d1700938,Pritam Singh,,,,1
WEB-048,web/src/components/layout/Header.tsx,7,Saba Saeed,0dd9ded15b707d70f1c20ab89dc9235251f719b6,Chronological pickaxe/file-introduction and added-line review; Git author metadata only. Declaration introduction is separate from external observation authorship.,False,19e5405f1e440bb2cef905341c1b2c2bf4b3dd51,Pritam Singh,,,,1
WEB-049,web/src/components/layout/Sidebar.tsx,31,Saba Saeed,0dd9ded15b707d70f1c20ab89dc9235251f719b6,Chronological pickaxe/file-introduction and added-line review; Git author metadata only. Declaration introduction is separate from external observation authorship.,False,19e5405f1e440bb2cef905341c1b2c2bf4b3dd51,Pritam Singh,,,,1
WEB-050,web/src/components/views/SettingsView.tsx,9,Pritam Singh,19e5405f1e440bb2cef905341c1b2c2bf4b3dd51,Chronological pickaxe/file-introduction and added-line review; Git author metadata only. Declaration introduction is separate from external observation authorship.,False,19e5405f1e440bb2cef905341c1b2c2bf4b3dd51,Pritam Singh,,,,1
WEB-051,web/src/components/analytics/AqiForecast12h.tsx,9,Pritam Singh,97c2af3432151dfbe916e14f46dd64ba550f74f0,Chronological pickaxe/file-introduction and added-line review; Git author metadata only. Declaration introduction is separate from external observation authorship.,False,97c2af3432151dfbe916e14f46dd64ba550f74f0,Pritam Singh,,,,1
WEB-052,web/src/components/views/csv.ts,2,Pritam Singh,fab0872a8036bac47e53a62f4fef6fee3935b3a4,Chronological pickaxe/file-introduction and added-line review; Git author metadata only. Declaration introduction is separate from external observation authorship.,False,fab0872a8036bac47e53a62f4fef6fee3935b3a4,Pritam Singh,,,,1
WEB-053,web/src/components/map/html.ts,1,Pritam Singh,59e28389789c18089c2b0ed039ef92cd7302603e,Chronological pickaxe/file-introduction and added-line review; Git author metadata only. Declaration introduction is separate from external observation authorship.,False,59e28389789c18089c2b0ed039ef92cd7302603e,Pritam Singh,,,,1
WEB-054,web/src/components/status/useClock.ts,4,Pritam Singh,89464e90b453ff9dbe73328206ceb5662a7f5da1,Chronological pickaxe/file-introduction and added-line review; Git author metadata only. Declaration introduction is separate from external observation authorship.,False,89464e90b453ff9dbe73328206ceb5662a7f5da1,Pritam Singh,,,,1
WEB-055,web/index.html,10,Saba Saeed,3d7ce9627701b501543c6af3dfbdf635856d29e6,Chronological pickaxe/file-introduction and added-line review; Git author metadata only. Declaration introduction is separate from external observation authorship.,False,19e5405f1e440bb2cef905341c1b2c2bf4b3dd51,Pritam Singh,,,,1
WEB-056,web/playwright.config.ts,8,Pritam Singh,857f6121b69fe4c2148c47c69ba9bc5c83eeaf29,Chronological pickaxe/file-introduction and added-line review; Git author metadata only. Declaration introduction is separate from external observation authorship.,False,857f6121b69fe4c2148c47c69ba9bc5c83eeaf29,Pritam Singh,,,,1
WEB-057,web/vite.config.ts,7,Saba Saeed,3d7ce9627701b501543c6af3dfbdf635856d29e6,Chronological pickaxe/file-introduction and added-line review; Git author metadata only. Declaration introduction is separate from external observation authorship.,False,3d7ce9627701b501543c6af3dfbdf635856d29e6,Saba Saeed,,,,1
WEB-058,web/vitest.config.ts,4,Pritam Singh,857f6121b69fe4c2148c47c69ba9bc5c83eeaf29,Chronological pickaxe/file-introduction and added-line review; Git author metadata only. Declaration introduction is separate from external observation authorship.,False,857f6121b69fe4c2148c47c69ba9bc5c83eeaf29,Pritam Singh,,,,1
WEB-059,web/.env.example,4,Saba Saeed,3d7ce9627701b501543c6af3dfbdf635856d29e6,Chronological pickaxe/file-introduction and added-line review; Git author metadata only. Declaration introduction is separate from external observation authorship.,False,3d7ce9627701b501543c6af3dfbdf635856d29e6,Saba Saeed,,,,1
WEB-060,web/package.json,16,Unknown/unattributed,,No reliable grouped-declaration introduction evidence; not inferred from last editor.,False,857f6121b69fe4c2148c47c69ba9bc5c83eeaf29,Pritam Singh,,,,1
WEB-061,web/public/data/aqi.json,1,Unknown/unattributed,,No reliable grouped-declaration introduction evidence; not inferred from last editor.,False,b27b098e44acee90863aeafb53ee90456d343cdd,Saba Saeed,,,,1
WEB-062,web/src/__tests__/dataSchemas.test.ts,9,Unknown/unattributed,,No reliable grouped-declaration introduction evidence; not inferred from last editor.,False,89464e90b453ff9dbe73328206ceb5662a7f5da1,Pritam Singh,,,,1
WEB-063,web/src/__tests__/dataApi.test.ts,3,Unknown/unattributed,,No reliable grouped-declaration introduction evidence; not inferred from last editor.,False,89464e90b453ff9dbe73328206ceb5662a7f5da1,Pritam Singh,,,,1
WEB-064,web/src/__tests__/dataContext.test.tsx,8,Unknown/unattributed,,No reliable grouped-declaration introduction evidence; not inferred from last editor.,False,89464e90b453ff9dbe73328206ceb5662a7f5da1,Pritam Singh,,,,1
WEB-065,web/src/__tests__/uiRegression.test.tsx,26,Unknown/unattributed,,No reliable grouped-declaration introduction evidence; not inferred from last editor.,False,0a5f64bf15c0dcb872c1a3af744b897694036dcc,Pritam Singh,,,,1
WEB-066,web/src/components/map/heatmap.test.tsx,11,Unknown/unattributed,,No reliable grouped-declaration introduction evidence; not inferred from last editor.,False,51b18ba04f42de68d612901ef7e65a4b102de858,Pritam Singh,,,,1
WEB-067,web/src/components/map/MapExplorerView.test.tsx,9,Unknown/unattributed,,No reliable grouped-declaration introduction evidence; not inferred from last editor.,False,51b18ba04f42de68d612901ef7e65a4b102de858,Pritam Singh,,,,1
WEB-068,web/src/components/map/thermalMarker.test.ts,5,Unknown/unattributed,,No reliable grouped-declaration introduction evidence; not inferred from last editor.,False,59e28389789c18089c2b0ed039ef92cd7302603e,Pritam Singh,,,,1
WEB-069,web/src/components/map/useObservationHeatmap.test.tsx,7,Unknown/unattributed,,No reliable grouped-declaration introduction evidence; not inferred from last editor.,False,51b18ba04f42de68d612901ef7e65a4b102de858,Pritam Singh,,,,1
WEB-070,web/src/components/map/useScientificLayers.test.tsx,10,Unknown/unattributed,,No reliable grouped-declaration introduction evidence; not inferred from last editor.,False,51b18ba04f42de68d612901ef7e65a4b102de858,Pritam Singh,,,,1
WEB-071,web/src/components/ErrorBoundary.test.tsx,5,Unknown/unattributed,,No reliable grouped-declaration introduction evidence; not inferred from last editor.,False,dcaa9848f573134f0970dd371ba71ba3cbdb8573,Pritam Singh,,,,1
WEB-072,web/tests/browser/dashboard.spec.ts,9,Unknown/unattributed,,No reliable grouped-declaration introduction evidence; not inferred from last editor.,False,221d420704e8a39ab1a95743fd5c1dcec8781651,Pritam Singh,,,,1
WEB-073,web/src/App.css,1,Unknown/unattributed,,No reliable grouped-declaration introduction evidence; not inferred from last editor.,False,51b18ba04f42de68d612901ef7e65a4b102de858,Pritam Singh,,,,1
WEB-074,web/src/components/agent/ActionsModal.css,1,Unknown/unattributed,,No reliable grouped-declaration introduction evidence; not inferred from last editor.,False,3c81173358ce98abe3a0f67dad0a271e389541b3,Pritam Singh,,,,1
WEB-075,web/src/components/agent/AgentWidget.css,1,Unknown/unattributed,,No reliable grouped-declaration introduction evidence; not inferred from last editor.,False,038a5dfde5a3d994b5a0e76d12ac43a8d1700938,Pritam Singh,,,,1
WEB-076,web/src/components/analytics/AqiForecast12h.css,1,Unknown/unattributed,,No reliable grouped-declaration introduction evidence; not inferred from last editor.,False,60af675b0bdfb11d6b8648efe8778ca25a313c3a,Saba Saeed,,,,1
WEB-077,web/src/components/analytics/RecommendedActions.css,1,Unknown/unattributed,,No reliable grouped-declaration introduction evidence; not inferred from last editor.,False,038a5dfde5a3d994b5a0e76d12ac43a8d1700938,Pritam Singh,,,,1
WEB-078,web/src/components/analytics/SourceBreakdown.css,1,Unknown/unattributed,,No reliable grouped-declaration introduction evidence; not inferred from last editor.,False,fab0872a8036bac47e53a62f4fef6fee3935b3a4,Pritam Singh,,,,1
WEB-079,web/src/components/analytics/WhatIfWeAct.css,1,Unknown/unattributed,,No reliable grouped-declaration introduction evidence; not inferred from last editor.,False,c211d923a2b8368d7cf6a244efb61bf86f472687,Pritam Singh,,,,1
WEB-080,web/src/components/kpi/MetricGrid.css,1,Unknown/unattributed,,No reliable grouped-declaration introduction evidence; not inferred from last editor.,False,c211d923a2b8368d7cf6a244efb61bf86f472687,Pritam Singh,,,,1
WEB-081,web/src/components/layout/Header.css,1,Unknown/unattributed,,No reliable grouped-declaration introduction evidence; not inferred from last editor.,False,19e5405f1e440bb2cef905341c1b2c2bf4b3dd51,Pritam Singh,,,,1
WEB-082,web/src/components/layout/Sidebar.css,1,Unknown/unattributed,,No reliable grouped-declaration introduction evidence; not inferred from last editor.,False,19e5405f1e440bb2cef905341c1b2c2bf4b3dd51,Pritam Singh,,,,1
WEB-083,web/src/components/map/HeatmapControls.css,1,Unknown/unattributed,,No reliable grouped-declaration introduction evidence; not inferred from last editor.,False,51b18ba04f42de68d612901ef7e65a4b102de858,Pritam Singh,,,,1
WEB-084,web/src/components/map/MapContainer.css,1,Unknown/unattributed,,No reliable grouped-declaration introduction evidence; not inferred from last editor.,False,51b18ba04f42de68d612901ef7e65a4b102de858,Pritam Singh,,,,1
WEB-085,web/src/components/map/MapExplorerView.css,1,Unknown/unattributed,,No reliable grouped-declaration introduction evidence; not inferred from last editor.,False,51b18ba04f42de68d612901ef7e65a4b102de858,Pritam Singh,,,,1
WEB-086,web/src/components/map/PlumeHudCard.css,1,Unknown/unattributed,,No reliable grouped-declaration introduction evidence; not inferred from last editor.,False,3d7ce9627701b501543c6af3dfbdf635856d29e6,Saba Saeed,,,,1
WEB-087,web/src/components/map/TimeControls.css,1,Unknown/unattributed,,No reliable grouped-declaration introduction evidence; not inferred from last editor.,False,b1440801bd26e59bbc70b108117dc1bd90d5110c,Saba Saeed,,,,1
WEB-088,web/src/components/sites/TopAffectedAreas.css,1,Unknown/unattributed,,No reliable grouped-declaration introduction evidence; not inferred from last editor.,False,42570f60a3884066736feed8e0a16a2f4ab0fe1f,Pritam Singh,,,,1
WEB-089,web/src/components/status/StaleBanner.css,1,Unknown/unattributed,,No reliable grouped-declaration introduction evidence; not inferred from last editor.,False,2ed5316ff51389f8e08e1c25d0aae7eef5ef986a,Aditya,,,,1
WEB-090,web/src/components/views/ActionsWorkbenchView.css,1,Unknown/unattributed,,No reliable grouped-declaration introduction evidence; not inferred from last editor.,False,038a5dfde5a3d994b5a0e76d12ac43a8d1700938,Pritam Singh,,,,1
WEB-091,web/src/components/views/AnalyticsView.css,1,Unknown/unattributed,,No reliable grouped-declaration introduction evidence; not inferred from last editor.,False,97c2af3432151dfbe916e14f46dd64ba550f74f0,Pritam Singh,,,,1
WEB-092,web/src/components/views/FireSourcesView.css,1,Unknown/unattributed,,No reliable grouped-declaration introduction evidence; not inferred from last editor.,False,fab0872a8036bac47e53a62f4fef6fee3935b3a4,Pritam Singh,,,,1
WEB-093,web/src/components/views/PopulationRiskView.css,1,Unknown/unattributed,,No reliable grouped-declaration introduction evidence; not inferred from last editor.,False,42570f60a3884066736feed8e0a16a2f4ab0fe1f,Pritam Singh,,,,1
WEB-094,web/src/components/views/SettingsView.css,1,Unknown/unattributed,,No reliable grouped-declaration introduction evidence; not inferred from last editor.,False,19e5405f1e440bb2cef905341c1b2c2bf4b3dd51,Pritam Singh,,,,1
WEB-095,web/src/components/views/WindWeatherView.css,1,Unknown/unattributed,,No reliable grouped-declaration introduction evidence; not inferred from last editor.,False,89464e90b453ff9dbe73328206ceb5662a7f5da1,Pritam Singh,,,,1
WEB-096,web/src/index.css,1,Unknown/unattributed,,No reliable grouped-declaration introduction evidence; not inferred from last editor.,False,19e5405f1e440bb2cef905341c1b2c2bf4b3dd51,Pritam Singh,,,,1
WEB-097,web/public/favicon.svg,1,Unknown/unattributed,,No reliable grouped-declaration introduction evidence; not inferred from last editor.,False,3d7ce9627701b501543c6af3dfbdf635856d29e6,Saba Saeed,,,,1
WEB-098,web/public/icons.svg,1,Unknown/unattributed,,No reliable grouped-declaration introduction evidence; not inferred from last editor.,False,3d7ce9627701b501543c6af3dfbdf635856d29e6,Saba Saeed,,,,1
WEB-099,web/src/assets/react.svg,1,Unknown/unattributed,,No reliable grouped-declaration introduction evidence; not inferred from last editor.,False,3d7ce9627701b501543c6af3dfbdf635856d29e6,Saba Saeed,,,,1
SCI-001,ingest/firms/fetch_fires.py,62,MeenalSinha,55c869f796c7857749bed32668d7da070a5d10b1,git log --all --reverse -S <declaration> and introduction diff; identity is Git author metadata only,False,55c869f796c7857749bed32668d7da070a5d10b1,MeenalSinha,,,,1
SCI-002,ingest/firms/fetch_fires.py,77,MeenalSinha,55c869f796c7857749bed32668d7da070a5d10b1,git log --all --reverse -S <declaration> and introduction diff; identity is Git author metadata only,False,55c869f796c7857749bed32668d7da070a5d10b1,MeenalSinha,,,,1
SCI-003,ingest/firms/fetch_fires.py,262,MeenalSinha,55c869f796c7857749bed32668d7da070a5d10b1,git log --all --reverse -S <declaration> and introduction diff; identity is Git author metadata only,False,55c869f796c7857749bed32668d7da070a5d10b1,MeenalSinha,,,,1
SCI-004,ingest/aqi/fetch_aqi.py,63,MeenalSinha,55c869f796c7857749bed32668d7da070a5d10b1,git log --all --reverse -S <declaration> and introduction diff; identity is Git author metadata only,False,3789d0815b3d5562979bde237c2383e5a527c2b1,MeenalSinha,,,,1
SCI-005,ingest/aqi/fetch_aqi.py,79,MeenalSinha,55c869f796c7857749bed32668d7da070a5d10b1,git log --all --reverse -S <declaration> and introduction diff; identity is Git author metadata only,False,3789d0815b3d5562979bde237c2383e5a527c2b1,MeenalSinha,,,,1
SCI-006,ingest/aqi/fetch_aqi.py,260,MeenalSinha,55c869f796c7857749bed32668d7da070a5d10b1,git log --all --reverse -S <declaration> and introduction diff; identity is Git author metadata only,False,3789d0815b3d5562979bde237c2383e5a527c2b1,MeenalSinha,,,,1
SCI-007,ingest/aqi/fetch_aqi.py,55,MeenalSinha,55c869f796c7857749bed32668d7da070a5d10b1,git log --all --reverse -S <declaration> and introduction diff; identity is Git author metadata only,False,3789d0815b3d5562979bde237c2383e5a527c2b1,MeenalSinha,,,,1
SCI-008,ingest/aqi/fetch_aqi.py,186,MeenalSinha,55c869f796c7857749bed32668d7da070a5d10b1,git log --all --reverse -S <declaration> and introduction diff; identity is Git author metadata only,False,3789d0815b3d5562979bde237c2383e5a527c2b1,MeenalSinha,,,,1
SCI-009,ingest/aqi/fetch_aqi.py,400,MeenalSinha,55c869f796c7857749bed32668d7da070a5d10b1,git log --all --reverse -S <declaration> and introduction diff; identity is Git author metadata only,False,3789d0815b3d5562979bde237c2383e5a527c2b1,MeenalSinha,,,,1
SCI-010,ingest/aqi/handler.py,54,MeenalSinha,55c869f796c7857749bed32668d7da070a5d10b1,git log --all --reverse -S <declaration> and introduction diff; identity is Git author metadata only,False,97f5ab78d13c96b61680c0d265a5c59ff61ff11a,Aditya,,,,1
SCI-011,ingest/sites/fetch_sites.py,66,MeenalSinha,55c869f796c7857749bed32668d7da070a5d10b1,git log --all --reverse -S <declaration> and introduction diff; identity is Git author metadata only,False,55c869f796c7857749bed32668d7da070a5d10b1,MeenalSinha,,,,1
SCI-012,ingest/sites/fetch_sites.py,149,MeenalSinha,55c869f796c7857749bed32668d7da070a5d10b1,git log --all --reverse -S <declaration> and introduction diff; identity is Git author metadata only,False,55c869f796c7857749bed32668d7da070a5d10b1,MeenalSinha,,,,1
SCI-013,ingest/weather/fetch_wind.py,72,MeenalSinha,55c869f796c7857749bed32668d7da070a5d10b1,git log --all --reverse -S <declaration> and introduction diff; identity is Git author metadata only,False,ad4886640534cd84aa59fa7b714ff2a530a1e84d,Pritam Singh,,,Four-day horizon added in later model release; first endpoint introduction remains55c869f,1
SCI-014,ingest/weather/fetch_wind.py,161,MeenalSinha,55c869f796c7857749bed32668d7da070a5d10b1,git log --all --reverse -S <declaration> and introduction diff; identity is Git author metadata only,False,ad4886640534cd84aa59fa7b714ff2a530a1e84d,Pritam Singh,,,,1
SCI-015,ingest/population/build_population.py,79,MeenalSinha,55c869f796c7857749bed32668d7da070a5d10b1,git log --all --reverse -S <declaration> and introduction diff; identity is Git author metadata only,False,3789d0815b3d5562979bde237c2383e5a527c2b1,MeenalSinha,,,India-specific raster default supplied049cfa83; initial declaration55c869f usedglobalmosaic URL,1
SCI-016,ingest/population/build_population.py,255,MeenalSinha,55c869f796c7857749bed32668d7da070a5d10b1,git log --all --reverse -S <declaration> and introduction diff; identity is Git author metadata only,False,3789d0815b3d5562979bde237c2383e5a527c2b1,MeenalSinha,,,,1
SCI-017,ingest/population/handler.py,54,MeenalSinha,55c869f796c7857749bed32668d7da070a5d10b1,git log --all --reverse -S <declaration> and introduction diff; identity is Git author metadata only,False,53f6aadc57faf46e25209bdcca75402f97638eda,Aditya,,,,1
SCI-018,ingest/common/http.py,27,MeenalSinha,55c869f796c7857749bed32668d7da070a5d10b1,git log --all --reverse -S <declaration> and introduction diff; identity is Git author metadata only,False,049cfa83d158278f61ae8b482b035d85fb100e27,MeenalSinha,,,,1
SCI-019,ingest/common/http.py,50,MeenalSinha,55c869f796c7857749bed32668d7da070a5d10b1,git log --all --reverse -S <declaration> and introduction diff; identity is Git author metadata only,False,049cfa83d158278f61ae8b482b035d85fb100e27,MeenalSinha,,,,1
SCI-020,ingest/common/secrets.py,20,Unknown/unattributed,,No reliable grouped-declaration introduction evidence; not inferred from last editor.,False,16bdfb4bc68f8888c851204e6b87b8d02d77ac7c,Aditya,,,,1
SCI-021,ingest/common/storage.py,34,Aditya,ac9b06273fc6b62079765f1cb9943e2c2d3a7f83,git log --all --reverse -S _DEFAULT_S3_PREFIX; identity is Git author metadata only,False,d70867fac39c46922ea19081560579d203dae9c0,Aditya,,,,1
SCI-022,models/source_detection/cluster.py,31,Pritam Singh,63212253021ec1c77fd79fe66c2b54b19161d6cd,git log --all --reverse -S frp_scale_mw and introduction diff; identity is Git author metadata only,False,63212253021ec1c77fd79fe66c2b54b19161d6cd,Pritam Singh,,,,1
SCI-023,models/source_detection/cluster.py,210,Pritam Singh,63212253021ec1c77fd79fe66c2b54b19161d6cd,git log --all --reverse -S frp_scale_mw and introduction diff; identity is Git author metadata only,False,63212253021ec1c77fd79fe66c2b54b19161d6cd,Pritam Singh,,,,1
SCI-024,models/common/geo.py,11,Unknown/unattributed,,No reliable grouped-declaration introduction evidence; not inferred from last editor.,False,3d7ce9627701b501543c6af3dfbdf635856d29e6,Saba Saeed,,,,1
SCI-025,models/plume/advect.py,55,Pritam Singh,19db97d872cfd308a40163287625c1f64a694678,git log --all --reverse -S concentration_scale_ug / TIME_BANDS and introduction diff; identity is Git author metadata only,False,a8b4a1762e48a347ea55b905fb00e5e3c4bcdb0e,Pritam Singh,,,,1
SCI-026,models/plume/corridor.py,29,Pritam Singh,19db97d872cfd308a40163287625c1f64a694678,git log --all --reverse -S concentration_scale_ug / TIME_BANDS and introduction diff; identity is Git author metadata only,False,a8b4a1762e48a347ea55b905fb00e5e3c4bcdb0e,Pritam Singh,,,,1
SCI-027,models/plume/corridor.py,149,Pritam Singh,19db97d872cfd308a40163287625c1f64a694678,git log --all --reverse -S concentration_scale_ug / TIME_BANDS and introduction diff; identity is Git author metadata only,False,a8b4a1762e48a347ea55b905fb00e5e3c4bcdb0e,Pritam Singh,,,,1
SCI-028,models/plume/history.py,50,Pritam Singh,a8b4a1762e48a347ea55b905fb00e5e3c4bcdb0e,git log --all --reverse -S default_axes / EligibilityConfig and introduction diff; identity is Git author metadata only,False,a8b4a1762e48a347ea55b905fb00e5e3c4bcdb0e,Pritam Singh,,,,1
SCI-029,models/plume/calibrate.py,44,Pritam Singh,a8b4a1762e48a347ea55b905fb00e5e3c4bcdb0e,git log --all --reverse -S default_axes / EligibilityConfig and introduction diff; identity is Git author metadata only,False,a8b4a1762e48a347ea55b905fb00e5e3c4bcdb0e,Pritam Singh,,,,1
SCI-030,models/plume/parameters.py,14,Pritam Singh,a8b4a1762e48a347ea55b905fb00e5e3c4bcdb0e,git log --all --reverse -S default_axes / EligibilityConfig and introduction diff; identity is Git author metadata only,False,a8b4a1762e48a347ea55b905fb00e5e3c4bcdb0e,Pritam Singh,,,,1
SCI-031,models/exposure/rank_sites.py,62,MeenalSinha,55c869f796c7857749bed32668d7da070a5d10b1,"git log --all --reverse -S type_factor; later21784b6 modified implementation, notfirstintroduction",False,3789d0815b3d5562979bde237c2383e5a527c2b1,MeenalSinha,,,,1
SCI-032,models/exposure/rank_sites.py,55,MeenalSinha,3789d0815b3d5562979bde237c2383e5a527c2b1,git log --all --reverse -S _SENSITIVITY_DELTA; risk_threshold0.3 predates this remediation,False,3789d0815b3d5562979bde237c2383e5a527c2b1,MeenalSinha,,,,1
SCI-033,models/exposure/rank_sites.py,196,MeenalSinha,55c869f796c7857749bed32668d7da070a5d10b1,git log --all --reverse -S type_factor and original exposure source; direct current implementation reviewed,False,3789d0815b3d5562979bde237c2383e5a527c2b1,MeenalSinha,,,,1
SCI-034,agent/agent.py,83,Saba Saeed,3d7ce9627701b501543c6af3dfbdf635856d29e6,git log --all --reverse -S <declaration> and introduction diff; identity is Git author metadata only,False,df7b0c6a99007ab0c062e6fcb735cba42d0d5e4e,MeenalSinha,,,,1
SCI-035,agent/agent.py,122,Saba Saeed,3d7ce9627701b501543c6af3dfbdf635856d29e6,git log --all --reverse -S <declaration> and introduction diff; identity is Git author metadata only,False,df7b0c6a99007ab0c062e6fcb735cba42d0d5e4e,MeenalSinha,,,,1
SCI-036,agent/agent.py,155,Saba Saeed,3d7ce9627701b501543c6af3dfbdf635856d29e6,git log --all --reverse -S <declaration> and introduction diff; identity is Git author metadata only,False,df7b0c6a99007ab0c062e6fcb735cba42d0d5e4e,MeenalSinha,,,,1
SCI-037,agent/bedrock_agent.py,32,Aditya,7639e9953c21ea1a48f2ffe2ace0f2b7761d32db,git log --all --reverse -S <declaration> and introduction diff; identity is Git author metadata only,False,561fb9bffd34e7e5f813f8813a60ea71a7f549dd,Aditya,,,,1
SCI-038,agent/bedrock_agent.py,40,Aditya,7639e9953c21ea1a48f2ffe2ace0f2b7761d32db,git log --all --reverse -S <declaration> and introduction diff; identity is Git author metadata only,False,561fb9bffd34e7e5f813f8813a60ea71a7f549dd,Aditya,,,,1
SCI-039,agent/bedrock_agent.py,95,Aditya,7639e9953c21ea1a48f2ffe2ace0f2b7761d32db,git log --all --reverse -S <declaration> and introduction diff; identity is Git author metadata only,False,561fb9bffd34e7e5f813f8813a60ea71a7f549dd,Aditya,,,,1
SCI-040,agent/bedrock_agent.py,117,Aditya,7639e9953c21ea1a48f2ffe2ace0f2b7761d32db,git log --all --reverse -S <declaration> and introduction diff; identity is Git author metadata only,False,561fb9bffd34e7e5f813f8813a60ea71a7f549dd,Aditya,,,,1
SCI-041,agent/prompts/system.md,18,Saba Saeed,3d7ce9627701b501543c6af3dfbdf635856d29e6,git log --all --reverse -S <declaration> and introduction diff; identity is Git author metadata only,False,df7b0c6a99007ab0c062e6fcb735cba42d0d5e4e,MeenalSinha,,,,1
SCI-042,models/training/features.py,12,Pritam Singh,e29988b5e5b9e383597ed857619ebc34a296888c,git log --all --reverse -S ORIGIN / FEATURE_RANGES / HYPERPARAMETERS and introduction diff; identity is Git author metadata only,False,e29988b5e5b9e383597ed857619ebc34a296888c,Pritam Singh,,,,1
SCI-043,models/training/generate.py,20,Pritam Singh,e29988b5e5b9e383597ed857619ebc34a296888c,git log --all --reverse -S ORIGIN / FEATURE_RANGES / HYPERPARAMETERS and introduction diff; identity is Git author metadata only,False,e29988b5e5b9e383597ed857619ebc34a296888c,Pritam Singh,,,,1
SCI-044,models/training/generate.py,67,Pritam Singh,e29988b5e5b9e383597ed857619ebc34a296888c,git log --all --reverse -S ORIGIN / FEATURE_RANGES / HYPERPARAMETERS and introduction diff; identity is Git author metadata only,False,e29988b5e5b9e383597ed857619ebc34a296888c,Pritam Singh,,,,1
SCI-045,models/training/train.py,27,Pritam Singh,e29988b5e5b9e383597ed857619ebc34a296888c,git log --all --reverse -S ORIGIN / FEATURE_RANGES / HYPERPARAMETERS and introduction diff; identity is Git author metadata only,False,e29988b5e5b9e383597ed857619ebc34a296888c,Pritam Singh,,,,1
SCI-046,models/training/evaluation_report.json,1,Pritam Singh,e29988b5e5b9e383597ed857619ebc34a296888c,git log --all --reverse -S ORIGIN / FEATURE_RANGES / HYPERPARAMETERS and introduction diff; identity is Git author metadata only,False,e29988b5e5b9e383597ed857619ebc34a296888c,Pritam Singh,,,,1
SCI-047,.venv/task4-surrogate/dataset.json,1,Unknown/unattributed,,No reliable grouped-declaration introduction evidence; not inferred from last editor.,False,,Unknown/unattributed,,,,1
SCI-048,.venv/task4-surrogate/model/metadata.json,1,Unknown/unattributed,,No reliable grouped-declaration introduction evidence; not inferred from last editor.,False,,Unknown/unattributed,,,,1
SCI-049,.venv/task4-surrogate/model/model.pkl,1,Unknown/unattributed,,No reliable grouped-declaration introduction evidence; not inferred from last editor.,False,,Unknown/unattributed,,,,1
SCI-050,data/live/fires.json,1,MeenalSinha,55c869f796c7857749bed32668d7da070a5d10b1,git log --all --reverse -S <declaration> and introduction diff; identity is Git author metadata only,False,55c869f796c7857749bed32668d7da070a5d10b1,MeenalSinha,,,,1
SCI-051,data/live/aqi.json,1,MeenalSinha,55c869f796c7857749bed32668d7da070a5d10b1,git log --all --reverse -S <declaration> and introduction diff; identity is Git author metadata only,False,55c869f796c7857749bed32668d7da070a5d10b1,MeenalSinha,,,,1
SCI-052,data/live/wind.json,1,MeenalSinha,55c869f796c7857749bed32668d7da070a5d10b1,git log --all --reverse -S <declaration> and introduction diff; identity is Git author metadata only,False,55c869f796c7857749bed32668d7da070a5d10b1,MeenalSinha,,,CurrentweatherparserassignsUTCbeforenaiveconversion;archivedsnapshotunchanged,1
SCI-053,data/live/sites.geojson,1,MeenalSinha,55c869f796c7857749bed32668d7da070a5d10b1,git log --all --reverse -S <declaration> and introduction diff; identity is Git author metadata only,False,55c869f796c7857749bed32668d7da070a5d10b1,MeenalSinha,,,,1
SCI-054,data/live/population.json,1,MeenalSinha,049cfa83d158278f61ae8b482b035d85fb100e27,Introducedreal222792-cellWorldPopreplacement049cfa83;currentparsedpayloadfirstseen3789d081;earlier5840-cellsyntheticpayloadisremediatedhistoricalfinding,False,3789d0815b3d5562979bde237c2383e5a527c2b1,MeenalSinha,3789d0815b3d5562979bde237c2383e5a527c2b1,,,1
SCI-055,data/live/sources.json,1,Saba Saeed,3d7ce9627701b501543c6af3dfbdf635856d29e6,git log --all --reverse -S <declaration> and introduction diff; identity is Git author metadata only,False,6f17ea1c6f21f244a07d8ffd054beac2e12700bb,Aditya,6f17ea1c6f21f244a07d8ffd054beac2e12700bb,Aditya,,1
SCI-056,data/live/corridor.geojson,1,Saba Saeed,3d7ce9627701b501543c6af3dfbdf635856d29e6,git log --all --reverse -S <declaration> and introduction diff; identity is Git author metadata only,False,6f17ea1c6f21f244a07d8ffd054beac2e12700bb,Aditya,6f17ea1c6f21f244a07d8ffd054beac2e12700bb,Aditya,,1
SCI-057,data/live/ranked_sites.json,1,Saba Saeed,3d7ce9627701b501543c6af3dfbdf635856d29e6,git log --all --reverse -S <declaration> and introduction diff; identity is Git author metadata only,False,3789d0815b3d5562979bde237c2383e5a527c2b1,MeenalSinha,3789d0815b3d5562979bde237c2383e5a527c2b1,MeenalSinha,,1
SCI-058,data/live/actions.json,1,Saba Saeed,3d7ce9627701b501543c6af3dfbdf635856d29e6,git log --all --reverse -S <declaration> and introduction diff; identity is Git author metadata only,False,df7b0c6a99007ab0c062e6fcb735cba42d0d5e4e,MeenalSinha,df7b0c6a99007ab0c062e6fcb735cba42d0d5e4e,MeenalSinha,,1
SCI-059,data/live/india-boundary.geojson,1,Saba Saeed,3f238facb3b56a3a0a129946a718a4fdc33adc29,git log --all --reverse --diff-filter=A;initialcommitmessageclaimonly;currentparsedpayloadfirstseen66b31478,False,66b31478e778732430c75b8d0857ada74bd38f45,Saba Saeed,66b31478e778732430c75b8d0857ada74bd38f45,,,1
SCI-060,data/live/README.md,3,MeenalSinha,55c869f796c7857749bed32668d7da070a5d10b1,git log --all --reverse -S 'All files are produced' identifies 55c869f; current lines 3-5 verified separately.,False,3789d0815b3d5562979bde237c2383e5a527c2b1,MeenalSinha,,,,1
SCI-061,agent/tests/reviewed_run.json,1,Saba Saeed,3d7ce9627701b501543c6af3dfbdf635856d29e6,git log --all --reverse -S <declaration> and introduction diff; identity is Git author metadata only,False,3d7ce9627701b501543c6af3dfbdf635856d29e6,Saba Saeed,,,,1
SCI-062,ingest/tests/test_aqi.py,126,MeenalSinha,55c869f796c7857749bed32668d7da070a5d10b1,git log --all --reverse -S <declaration> and introduction diff; identity is Git author metadata only,False,3789d0815b3d5562979bde237c2383e5a527c2b1,MeenalSinha,,,,1
SCI-063,ingest/tests/test_firms.py,44,MeenalSinha,55c869f796c7857749bed32668d7da070a5d10b1,git log --all --reverse -S <declaration> and introduction diff; identity is Git author metadata only,False,55c869f796c7857749bed32668d7da070a5d10b1,MeenalSinha,,,,1
SCI-064,ingest/tests/test_sites.py,196,MeenalSinha,55c869f796c7857749bed32668d7da070a5d10b1,git log --all --reverse -S <declaration> and introduction diff; identity is Git author metadata only,False,55c869f796c7857749bed32668d7da070a5d10b1,MeenalSinha,,,,1
SCI-065,ingest/tests/test_wind.py,181,MeenalSinha,55c869f796c7857749bed32668d7da070a5d10b1,git log --all --reverse -S <declaration> and introduction diff; identity is Git author metadata only,False,ad4886640534cd84aa59fa7b714ff2a530a1e84d,Pritam Singh,,,,1
SCI-066,ingest/tests/test_population.py,54,MeenalSinha,55c869f796c7857749bed32668d7da070a5d10b1,git log --all --reverse -S <declaration> and introduction diff; identity is Git author metadata only,False,243fe3fc5bda9fa1f5d6a09dc756eb5c173afadc,MeenalSinha,,,,1
SCI-067,ingest/tests/test_storage.py,10,Unknown/unattributed,,No reliable grouped-declaration introduction evidence; not inferred from last editor.,False,d70867fac39c46922ea19081560579d203dae9c0,Aditya,,,,1
SCI-068,ingest/tests/test_secrets.py,18,Unknown/unattributed,,No reliable grouped-declaration introduction evidence; not inferred from last editor.,False,1d87fa9d0804120758c02c9cbb4b00937c2a48dc,Aditya,,,,1
SCI-069,models/source_detection/tests/test_cluster.py,25,Pritam Singh,63212253021ec1c77fd79fe66c2b54b19161d6cd,git log --all --reverse -S frp_scale_mw and introduction diff; identity is Git author metadata only,False,63212253021ec1c77fd79fe66c2b54b19161d6cd,Pritam Singh,,,,1
SCI-070,models/plume/tests/test_plume.py,28,Pritam Singh,19db97d872cfd308a40163287625c1f64a694678,git log --all --reverse -S concentration_scale_ug / TIME_BANDS and introduction diff; identity is Git author metadata only,False,19db97d872cfd308a40163287625c1f64a694678,Pritam Singh,,,,1
SCI-071,models/plume/tests/test_calibrate.py,32,Pritam Singh,a8b4a1762e48a347ea55b905fb00e5e3c4bcdb0e,git log --all --reverse -S default_axes / EligibilityConfig and introduction diff; identity is Git author metadata only,False,a8b4a1762e48a347ea55b905fb00e5e3c4bcdb0e,Pritam Singh,,,,1
SCI-072,models/tests/test_rank_sites.py,45,Unknown/unattributed,,No reliable grouped-declaration introduction evidence; not inferred from last editor.,False,7d7b5ba54df319fdfff2063d962892b2c6b06a25,Pritam Singh,,,,1
SCI-073,models/training/tests/test_surrogate.py,22,Pritam Singh,e29988b5e5b9e383597ed857619ebc34a296888c,git log --all --reverse -S ORIGIN / FEATURE_RANGES / HYPERPARAMETERS and introduction diff; identity is Git author metadata only,False,ad4886640534cd84aa59fa7b714ff2a530a1e84d,Pritam Singh,,,,1
SCI-074,agent/tests/test_bedrock_fallback.py,11,Aditya,2bfad5e9cce7be15f6e37884631ccd1fb0b936d5,git log --all --reverse -- agent/tests/test_bedrock_fallback.py and file-add diff identify 2bfad5e9; production Bedrock implementation was introduced earlier and is separate.,False,0a6b8a1fa31e75e777e847fe6ee64b8ea142da51,Aditya,,,,1
SCI-075,ingest/firms/handler.py,26,MeenalSinha,55c869f796c7857749bed32668d7da070a5d10b1,Original ingestion handler declarations; identities are Git author metadata only.,False,97f5ab78d13c96b61680c0d265a5c59ff61ff11a,Aditya,,,,1
RES-001,.env.example,28,Unknown/unattributed,,unknown: grouped residuals not attributed from last editor,False,1742d43f888de1f29fe201041586759342a00ee1,Aditya,,,,1
RES-002,.github/workflows/python312.yml,1,Unknown/unattributed,,unknown: grouped residuals not attributed from last editor,False,6fa4ad54868b02923b4a76216135c546b9e0a3ed,Pritam Singh,,,,1
RES-003,.github/workflows/self-hosted-windows-diagnostic.yml,4,Unknown/unattributed,,unknown: grouped residuals not attributed from last editor,False,27a8a9688d08e5cfa9bc4e9de8900ac0a2134729,Pritam Singh,,,,1
RES-004,agent/agent.py,31,Unknown/unattributed,,unknown: grouped residuals not attributed from last editor,False,df7b0c6a99007ab0c062e6fcb735cba42d0d5e4e,MeenalSinha,,,,1
RES-005,agent/bedrock_agent.py,78,Unknown/unattributed,,unknown: grouped residuals not attributed from last editor,False,561fb9bffd34e7e5f813f8813a60ea71a7f549dd,Aditya,,,,1
RES-006,agent/tests/test_agent.py,23,Unknown/unattributed,,unknown: grouped residuals not attributed from last editor,False,df7b0c6a99007ab0c062e6fcb735cba42d0d5e4e,MeenalSinha,,,,1
RES-007,agent/tests/test_bedrock_fallback.py,27,Unknown/unattributed,,unknown: grouped residuals not attributed from last editor,False,0a6b8a1fa31e75e777e847fe6ee64b8ea142da51,Aditya,,,,1
RES-008,agent/tools/__init__.py,12,Unknown/unattributed,,unknown: grouped residuals not attributed from last editor,False,3d7ce9627701b501543c6af3dfbdf635856d29e6,Saba Saeed,,,,1
RES-009,agent/tools/get_exposed_population.py,14,Unknown/unattributed,,unknown: grouped residuals not attributed from last editor,False,df7b0c6a99007ab0c062e6fcb735cba42d0d5e4e,MeenalSinha,,,,1
RES-010,agent/tools/get_ranked_sites.py,14,Unknown/unattributed,,unknown: grouped residuals not attributed from last editor,False,3d7ce9627701b501543c6af3dfbdf635856d29e6,Saba Saeed,,,,1
RES-011,agent/tools/get_site.py,14,Unknown/unattributed,,unknown: grouped residuals not attributed from last editor,False,3d7ce9627701b501543c6af3dfbdf635856d29e6,Saba Saeed,,,,1
RES-012,agent/tools/get_sources.py,14,Unknown/unattributed,,unknown: grouped residuals not attributed from last editor,False,3d7ce9627701b501543c6af3dfbdf635856d29e6,Saba Saeed,,,,1
RES-013,agent/tools/query_corridor.py,14,Unknown/unattributed,,unknown: grouped residuals not attributed from last editor,False,3d7ce9627701b501543c6af3dfbdf635856d29e6,Saba Saeed,,,,1
RES-014,api/handlers/app.py,47,Unknown/unattributed,,unknown: grouped residuals not attributed from last editor,False,a437064dbbfab4aaa210e99c828c7ee315d25366,Aditya,,,,1
RES-015,api/tests/test_app.py,79,Unknown/unattributed,,unknown: grouped residuals not attributed from last editor,False,a437064dbbfab4aaa210e99c828c7ee315d25366,Aditya,,,,1
RES-016,infra/lambda/Makefile,1,Unknown/unattributed,,unknown: grouped residuals not attributed from last editor,False,9099baf620f84febd42695fe575d864249a1ee86,Pritam Singh,,,,1
RES-017,infra/lambda/prune.py,14,Unknown/unattributed,,unknown: grouped residuals not attributed from last editor,False,9099baf620f84febd42695fe575d864249a1ee86,Pritam Singh,,,,1
RES-018,infra/lambda/requirements-agent.txt,3,Unknown/unattributed,,unknown: grouped residuals not attributed from last editor,False,9082eff76779822c23915a202cbb28d9df9c71f2,Pritam Singh,,,,1
RES-019,infra/lambda/requirements-pipeline.txt,2,Unknown/unattributed,,unknown: grouped residuals not attributed from last editor,False,9082eff76779822c23915a202cbb28d9df9c71f2,Pritam Singh,,,,1
RES-020,infra/lambda/requirements.txt,1,Unknown/unattributed,,unknown: grouped residuals not attributed from last editor,False,7463510f86997266d251fc02951ac90e6b550dd7,Aditya,,,,1
RES-021,infra/template.yaml,1,Unknown/unattributed,,unknown: grouped residuals not attributed from last editor,False,561fb9bffd34e7e5f813f8813a60ea71a7f549dd,Aditya,,,,1
RES-022,ingest/aqi/fetch_aqi.py,120,Unknown/unattributed,,unknown: grouped residuals not attributed from last editor,False,3789d0815b3d5562979bde237c2383e5a527c2b1,MeenalSinha,,,,1
RES-023,ingest/aqi/handler.py,22,Unknown/unattributed,,unknown: grouped residuals not attributed from last editor,False,97f5ab78d13c96b61680c0d265a5c59ff61ff11a,Aditya,,,,1
RES-024,ingest/common/http.py,35,Unknown/unattributed,,unknown: grouped residuals not attributed from last editor,False,049cfa83d158278f61ae8b482b035d85fb100e27,MeenalSinha,,,,1
RES-025,ingest/common/storage.py,33,Unknown/unattributed,,unknown: grouped residuals not attributed from last editor,False,d70867fac39c46922ea19081560579d203dae9c0,Aditya,,,,1
RES-026,ingest/firms/fetch_fires.py,112,Unknown/unattributed,,unknown: grouped residuals not attributed from last editor,False,55c869f796c7857749bed32668d7da070a5d10b1,MeenalSinha,,,,1
RES-027,ingest/firms/handler.py,47,Unknown/unattributed,,unknown: grouped residuals not attributed from last editor,False,97f5ab78d13c96b61680c0d265a5c59ff61ff11a,Aditya,,,,1
RES-028,ingest/population/build_population.py,70,Unknown/unattributed,,unknown: grouped residuals not attributed from last editor,False,3789d0815b3d5562979bde237c2383e5a527c2b1,MeenalSinha,,,,1
RES-029,ingest/population/handler.py,22,Unknown/unattributed,,unknown: grouped residuals not attributed from last editor,False,53f6aadc57faf46e25209bdcca75402f97638eda,Aditya,,,,1
RES-030,ingest/sites/fetch_sites.py,108,Unknown/unattributed,,unknown: grouped residuals not attributed from last editor,False,55c869f796c7857749bed32668d7da070a5d10b1,MeenalSinha,,,,1
RES-031,ingest/sites/handler.py,22,Unknown/unattributed,,unknown: grouped residuals not attributed from last editor,False,8394e7ab6014ee406fc3545b23e5b13ca59ff836,Aditya,,,,1
RES-032,ingest/tests/conftest.py,13,Unknown/unattributed,,unknown: grouped residuals not attributed from last editor,False,55c869f796c7857749bed32668d7da070a5d10b1,MeenalSinha,,,,1
RES-033,ingest/tests/test_aqi.py,51,Unknown/unattributed,,unknown: grouped residuals not attributed from last editor,False,3789d0815b3d5562979bde237c2383e5a527c2b1,MeenalSinha,,,,1
RES-034,ingest/tests/test_firms.py,67,Unknown/unattributed,,unknown: grouped residuals not attributed from last editor,False,55c869f796c7857749bed32668d7da070a5d10b1,MeenalSinha,,,,1
RES-035,ingest/tests/test_population.py,35,Unknown/unattributed,,unknown: grouped residuals not attributed from last editor,False,243fe3fc5bda9fa1f5d6a09dc756eb5c173afadc,MeenalSinha,,,,1
RES-036,ingest/tests/test_secrets.py,11,Unknown/unattributed,,unknown: grouped residuals not attributed from last editor,False,1d87fa9d0804120758c02c9cbb4b00937c2a48dc,Aditya,,,,1
RES-037,ingest/tests/test_sites.py,38,Unknown/unattributed,,unknown: grouped residuals not attributed from last editor,False,55c869f796c7857749bed32668d7da070a5d10b1,MeenalSinha,,,,1
RES-038,ingest/tests/test_storage.py,30,Unknown/unattributed,,unknown: grouped residuals not attributed from last editor,False,d70867fac39c46922ea19081560579d203dae9c0,Aditya,,,,1
RES-039,ingest/tests/test_wind.py,45,Unknown/unattributed,,unknown: grouped residuals not attributed from last editor,False,ad4886640534cd84aa59fa7b714ff2a530a1e84d,Pritam Singh,,,,1
RES-040,ingest/weather/fetch_wind.py,142,Unknown/unattributed,,unknown: grouped residuals not attributed from last editor,False,ad4886640534cd84aa59fa7b714ff2a530a1e84d,Pritam Singh,,,,1
RES-041,ingest/weather/handler.py,22,Unknown/unattributed,,unknown: grouped residuals not attributed from last editor,False,97f5ab78d13c96b61680c0d265a5c59ff61ff11a,Aditya,,,,1
RES-042,models/common/geo.py,20,Unknown/unattributed,,unknown: grouped residuals not attributed from last editor,False,3d7ce9627701b501543c6af3dfbdf635856d29e6,Saba Saeed,,,,1
RES-043,models/exposure/rank_sites.py,49,Unknown/unattributed,,unknown: grouped residuals not attributed from last editor,False,3789d0815b3d5562979bde237c2383e5a527c2b1,MeenalSinha,,,,1
RES-044,models/plume/advect.py,16,Unknown/unattributed,,unknown: grouped residuals not attributed from last editor,False,a8b4a1762e48a347ea55b905fb00e5e3c4bcdb0e,Pritam Singh,,,,1
RES-045,models/plume/calibrate.py,25,Unknown/unattributed,,unknown: grouped residuals not attributed from last editor,False,a8b4a1762e48a347ea55b905fb00e5e3c4bcdb0e,Pritam Singh,,,,1
RES-046,models/plume/corridor.py,28,Unknown/unattributed,,unknown: grouped residuals not attributed from last editor,False,a8b4a1762e48a347ea55b905fb00e5e3c4bcdb0e,Pritam Singh,,,,1
RES-047,models/plume/history.py,26,Unknown/unattributed,,unknown: grouped residuals not attributed from last editor,False,a8b4a1762e48a347ea55b905fb00e5e3c4bcdb0e,Pritam Singh,,,,1
RES-048,models/plume/parameters.py,22,Unknown/unattributed,,unknown: grouped residuals not attributed from last editor,False,a8b4a1762e48a347ea55b905fb00e5e3c4bcdb0e,Pritam Singh,,,,1
RES-049,models/plume/tests/test_calibrate.py,84,Unknown/unattributed,,unknown: grouped residuals not attributed from last editor,False,a8b4a1762e48a347ea55b905fb00e5e3c4bcdb0e,Pritam Singh,,,,1
RES-050,models/plume/tests/test_plume.py,27,Unknown/unattributed,,unknown: grouped residuals not attributed from last editor,False,19db97d872cfd308a40163287625c1f64a694678,Pritam Singh,,,,1
RES-051,models/source_detection/cluster.py,21,Unknown/unattributed,,unknown: grouped residuals not attributed from last editor,False,63212253021ec1c77fd79fe66c2b54b19161d6cd,Pritam Singh,,,,1
RES-052,models/source_detection/tests/test_cluster.py,24,Unknown/unattributed,,unknown: grouped residuals not attributed from last editor,False,63212253021ec1c77fd79fe66c2b54b19161d6cd,Pritam Singh,,,,1
RES-053,models/tests/test_corridor.py,13,Unknown/unattributed,,unknown: grouped residuals not attributed from last editor,False,19db97d872cfd308a40163287625c1f64a694678,Pritam Singh,,,,1
RES-054,models/tests/test_rank_sites.py,36,Unknown/unattributed,,unknown: grouped residuals not attributed from last editor,False,7d7b5ba54df319fdfff2063d962892b2c6b06a25,Pritam Singh,,,,1
RES-055,models/training/evaluate.py,19,Unknown/unattributed,,unknown: grouped residuals not attributed from last editor,False,e29988b5e5b9e383597ed857619ebc34a296888c,Pritam Singh,,,,1
RES-056,models/training/features.py,27,Unknown/unattributed,,unknown: grouped residuals not attributed from last editor,False,e29988b5e5b9e383597ed857619ebc34a296888c,Pritam Singh,,,,1
RES-057,models/training/generate.py,28,Unknown/unattributed,,unknown: grouped residuals not attributed from last editor,False,e29988b5e5b9e383597ed857619ebc34a296888c,Pritam Singh,,,,1
RES-058,models/training/inference.py,13,Unknown/unattributed,,unknown: grouped residuals not attributed from last editor,False,e29988b5e5b9e383597ed857619ebc34a296888c,Pritam Singh,,,,1
RES-059,models/training/predict.py,11,Unknown/unattributed,,unknown: grouped residuals not attributed from last editor,False,e29988b5e5b9e383597ed857619ebc34a296888c,Pritam Singh,,,,1
RES-060,models/training/tests/test_surrogate.py,21,Unknown/unattributed,,unknown: grouped residuals not attributed from last editor,False,ad4886640534cd84aa59fa7b714ff2a530a1e84d,Pritam Singh,,,,1
RES-061,models/training/train.py,15,Unknown/unattributed,,unknown: grouped residuals not attributed from last editor,False,e29988b5e5b9e383597ed857619ebc34a296888c,Pritam Singh,,,,1
RES-062,pipeline/steps.py,43,Unknown/unattributed,,unknown: grouped residuals not attributed from last editor,False,b886e2ede79d58e67b5742bac392f5e97b713eb9,Pritam Singh,,,,1
RES-063,pipeline/tests/test_contracts.py,13,Unknown/unattributed,,unknown: grouped residuals not attributed from last editor,False,e4ee706824919ffd1f0a09b8a3da999e1d606d74,Pritam Singh,,,,1
RES-064,pipeline/tests/test_steps.py,16,Unknown/unattributed,,unknown: grouped residuals not attributed from last editor,False,e4ee706824919ffd1f0a09b8a3da999e1d606d74,Pritam Singh,,,,1
RES-065,requirements.txt,2,Unknown/unattributed,,unknown: grouped residuals not attributed from last editor,False,9082eff76779822c23915a202cbb28d9df9c71f2,Pritam Singh,,,,1
RES-066,scripts/cost_check.sh,3,Unknown/unattributed,,unknown: grouped residuals not attributed from last editor,False,d023115f18da2587b253586619bd845869d5c275,Aditya,,,,1
RES-067,scripts/deploy.sh,4,Unknown/unattributed,,unknown: grouped residuals not attributed from last editor,False,6fa4ad54868b02923b4a76216135c546b9e0a3ed,Pritam Singh,,,,1
RES-068,scripts/deploy_web.sh,5,Unknown/unattributed,,unknown: grouped residuals not attributed from last editor,False,9668f4f72339def8faf11964ec90d88f8920f160,Aditya,,,,1
RES-069,scripts/load_reference.py,19,Unknown/unattributed,,unknown: grouped residuals not attributed from last editor,False,5036543942a0e57dc7715855664f6c89e05ee049,Aditya,,,,1
RES-070,scripts/local_api.py,19,Unknown/unattributed,,unknown: grouped residuals not attributed from last editor,False,4f9498b260b20d963be1830f436d6e2510df5397,Aditya,,,,1
RES-071,scripts/smoke_test.py,25,Unknown/unattributed,,unknown: grouped residuals not attributed from last editor,False,5140854dc670f9758b450d48810392a926d527b4,Aditya,,,,1
RES-072,scripts/stage_lambda_sources.py,23,Unknown/unattributed,,unknown: grouped residuals not attributed from last editor,False,1adbe263344ca5df3f8e3032f7c838adb31f5e60,Pritam Singh,,,,1
RES-073,scripts/teardown.sh,5,Unknown/unattributed,,unknown: grouped residuals not attributed from last editor,False,631151dfb0cc73fb7ebe9a6009366740634cc043,Aditya,,,,1
RES-074,scripts/tests/test_lambda_package_size.py,17,Unknown/unattributed,,unknown: grouped residuals not attributed from last editor,False,c509c4ff3777726ca72fcf4921d66ec25b297b6f,Pritam Singh,,,,1
RES-075,scripts/tests/test_verify_lambda_dependencies.py,53,Unknown/unattributed,,unknown: grouped residuals not attributed from last editor,False,781430e9a6eb84431e5612a30d5b9fd3726d3681,Pritam Singh,,,,1
RES-076,scripts/verify_lambda_dependencies.py,29,Unknown/unattributed,,unknown: grouped residuals not attributed from last editor,False,657682381313a29c972d9939e107eb618eb3b56e,Pritam Singh,,,,1
RES-077,start.sh,5,Unknown/unattributed,,unknown: grouped residuals not attributed from last editor,False,3f238facb3b56a3a0a129946a718a4fdc33adc29,Saba Saeed,,,,1
RES-078,web/.oxlintrc.json,2,Unknown/unattributed,,unknown: grouped residuals not attributed from last editor,False,3d7ce9627701b501543c6af3dfbdf635856d29e6,Saba Saeed,,,,1
RES-079,web/index.html,2,Unknown/unattributed,,unknown: grouped residuals not attributed from last editor,False,19e5405f1e440bb2cef905341c1b2c2bf4b3dd51,Pritam Singh,,,,1
RES-080,web/package.json,2,Unknown/unattributed,,unknown: grouped residuals not attributed from last editor,False,857f6121b69fe4c2148c47c69ba9bc5c83eeaf29,Pritam Singh,,,,1
RES-081,web/playwright.config.ts,6,Unknown/unattributed,,unknown: grouped residuals not attributed from last editor,False,857f6121b69fe4c2148c47c69ba9bc5c83eeaf29,Pritam Singh,,,,1
RES-082,web/src/App.tsx,18,Unknown/unattributed,,unknown: grouped residuals not attributed from last editor,False,dcaa9848f573134f0970dd371ba71ba3cbdb8573,Pritam Singh,,,,1
RES-083,web/src/__tests__/uiRegression.test.tsx,25,Unknown/unattributed,,unknown: grouped residuals not attributed from last editor,False,0a5f64bf15c0dcb872c1a3af744b897694036dcc,Pritam Singh,,,,1
RES-084,web/src/components/ErrorBoundary.tsx,4,Unknown/unattributed,,unknown: grouped residuals not attributed from last editor,False,dcaa9848f573134f0970dd371ba71ba3cbdb8573,Pritam Singh,,,,1
RES-085,web/src/components/agent/ActionsModal.tsx,10,Unknown/unattributed,,unknown: grouped residuals not attributed from last editor,False,3c81173358ce98abe3a0f67dad0a271e389541b3,Pritam Singh,,,,1
RES-086,web/src/components/agent/AgentWidget.tsx,7,Unknown/unattributed,,unknown: grouped residuals not attributed from last editor,False,038a5dfde5a3d994b5a0e76d12ac43a8d1700938,Pritam Singh,,,,1
RES-087,web/src/components/agent/actionChecklist.ts,8,Unknown/unattributed,,unknown: grouped residuals not attributed from last editor,False,038a5dfde5a3d994b5a0e76d12ac43a8d1700938,Pritam Singh,,,,1
RES-088,web/src/components/analytics/AqiForecast12h.tsx,8,Unknown/unattributed,,unknown: grouped residuals not attributed from last editor,False,97c2af3432151dfbe916e14f46dd64ba550f74f0,Pritam Singh,,,,1
RES-089,web/src/components/analytics/RecommendedActions.tsx,12,Unknown/unattributed,,unknown: grouped residuals not attributed from last editor,False,038a5dfde5a3d994b5a0e76d12ac43a8d1700938,Pritam Singh,,,,1
RES-090,web/src/components/analytics/SourceBreakdown.tsx,25,Unknown/unattributed,,unknown: grouped residuals not attributed from last editor,False,fab0872a8036bac47e53a62f4fef6fee3935b3a4,Pritam Singh,,,,1
RES-091,web/src/components/analytics/WhatIfWeAct.tsx,8,Unknown/unattributed,,unknown: grouped residuals not attributed from last editor,False,c211d923a2b8368d7cf6a244efb61bf86f472687,Pritam Singh,,,,1
RES-092,web/src/components/kpi/AqiKpiCard.tsx,22,Unknown/unattributed,,unknown: grouped residuals not attributed from last editor,False,c211d923a2b8368d7cf6a244efb61bf86f472687,Pritam Singh,,,,1
RES-093,web/src/components/kpi/MetricGrid.tsx,10,Unknown/unattributed,,unknown: grouped residuals not attributed from last editor,False,c211d923a2b8368d7cf6a244efb61bf86f472687,Pritam Singh,,,,1
RES-094,web/src/components/layout/Header.tsx,40,Unknown/unattributed,,unknown: grouped residuals not attributed from last editor,False,19e5405f1e440bb2cef905341c1b2c2bf4b3dd51,Pritam Singh,,,,1
RES-095,web/src/components/layout/Sidebar.tsx,22,Unknown/unattributed,,unknown: grouped residuals not attributed from last editor,False,19e5405f1e440bb2cef905341c1b2c2bf4b3dd51,Pritam Singh,,,,1
RES-096,web/src/components/map/HeatmapControls.tsx,14,Unknown/unattributed,,unknown: grouped residuals not attributed from last editor,False,51b18ba04f42de68d612901ef7e65a4b102de858,Pritam Singh,,,,1
RES-097,web/src/components/map/MapContainer.tsx,19,Unknown/unattributed,,unknown: grouped residuals not attributed from last editor,False,51b18ba04f42de68d612901ef7e65a4b102de858,Pritam Singh,,,,1
RES-098,web/src/components/map/MapExplorerView.tsx,26,Unknown/unattributed,,unknown: grouped residuals not attributed from last editor,False,51b18ba04f42de68d612901ef7e65a4b102de858,Pritam Singh,,,,1
RES-099,web/src/components/map/PlumeHudCard.tsx,6,Unknown/unattributed,,unknown: grouped residuals not attributed from last editor,False,51b18ba04f42de68d612901ef7e65a4b102de858,Pritam Singh,,,,1
RES-100,web/src/components/map/SvgFallbackMap.tsx,7,Unknown/unattributed,,unknown: grouped residuals not attributed from last editor,False,51b18ba04f42de68d612901ef7e65a4b102de858,Pritam Singh,,,,1
RES-101,web/src/components/map/TimeControls.tsx,14,Unknown/unattributed,,unknown: grouped residuals not attributed from last editor,False,51b18ba04f42de68d612901ef7e65a4b102de858,Pritam Singh,,,,1
RES-102,web/src/components/map/heatmap.ts,21,Unknown/unattributed,,unknown: grouped residuals not attributed from last editor,False,51b18ba04f42de68d612901ef7e65a4b102de858,Pritam Singh,,,,1
RES-103,web/src/components/map/mapData.ts,4,Unknown/unattributed,,unknown: grouped residuals not attributed from last editor,False,51b18ba04f42de68d612901ef7e65a4b102de858,Pritam Singh,,,,1
RES-104,web/src/components/map/mapStyles.ts,57,Unknown/unattributed,,unknown: grouped residuals not attributed from last editor,False,51b18ba04f42de68d612901ef7e65a4b102de858,Pritam Singh,,,,1
RES-105,web/src/components/map/thermalMarker.ts,6,Unknown/unattributed,,unknown: grouped residuals not attributed from last editor,False,59e28389789c18089c2b0ed039ef92cd7302603e,Pritam Singh,,,,1
RES-106,web/src/components/map/useObservationHeatmap.ts,6,Unknown/unattributed,,unknown: grouped residuals not attributed from last editor,False,51b18ba04f42de68d612901ef7e65a4b102de858,Pritam Singh,,,,1
RES-107,web/src/components/map/useScientificLayers.ts,10,Unknown/unattributed,,unknown: grouped residuals not attributed from last editor,False,51b18ba04f42de68d612901ef7e65a4b102de858,Pritam Singh,,,,1
RES-108,web/src/components/sites/TopAffectedAreas.tsx,6,Unknown/unattributed,,unknown: grouped residuals not attributed from last editor,False,42570f60a3884066736feed8e0a16a2f4ab0fe1f,Pritam Singh,,,,1
RES-109,web/src/components/status/StaleBanner.tsx,4,Unknown/unattributed,,unknown: grouped residuals not attributed from last editor,False,2ed5316ff51389f8e08e1c25d0aae7eef5ef986a,Aditya,,,,1
RES-110,web/src/components/views/ActionsWorkbenchView.tsx,14,Unknown/unattributed,,unknown: grouped residuals not attributed from last editor,False,038a5dfde5a3d994b5a0e76d12ac43a8d1700938,Pritam Singh,,,,1
RES-111,web/src/components/views/AnalyticsView.tsx,15,Unknown/unattributed,,unknown: grouped residuals not attributed from last editor,False,97c2af3432151dfbe916e14f46dd64ba550f74f0,Pritam Singh,,,,1
RES-112,web/src/components/views/FireSourcesView.tsx,16,Unknown/unattributed,,unknown: grouped residuals not attributed from last editor,False,fab0872a8036bac47e53a62f4fef6fee3935b3a4,Pritam Singh,,,,1
RES-113,web/src/components/views/PopulationRiskView.tsx,18,Unknown/unattributed,,unknown: grouped residuals not attributed from last editor,False,42570f60a3884066736feed8e0a16a2f4ab0fe1f,Pritam Singh,,,,1
RES-114,web/src/components/views/SettingsView.tsx,18,Unknown/unattributed,,unknown: grouped residuals not attributed from last editor,False,19e5405f1e440bb2cef905341c1b2c2bf4b3dd51,Pritam Singh,,,,1
RES-115,web/src/components/views/WindWeatherView.tsx,16,Unknown/unattributed,,unknown: grouped residuals not attributed from last editor,False,89464e90b453ff9dbe73328206ceb5662a7f5da1,Pritam Singh,,,,1
RES-116,web/src/components/views/csv.ts,14,Unknown/unattributed,,unknown: grouped residuals not attributed from last editor,False,fab0872a8036bac47e53a62f4fef6fee3935b3a4,Pritam Singh,,,,1
RES-117,web/src/main.tsx,7,Unknown/unattributed,,unknown: grouped residuals not attributed from last editor,False,3d7ce9627701b501543c6af3dfbdf635856d29e6,Saba Saeed,,,,1
RES-118,web/src/services/api.ts,16,Unknown/unattributed,,unknown: grouped residuals not attributed from last editor,False,89464e90b453ff9dbe73328206ceb5662a7f5da1,Pritam Singh,,,,1
RES-119,web/src/services/dataContext.tsx,14,Unknown/unattributed,,unknown: grouped residuals not attributed from last editor,False,89464e90b453ff9dbe73328206ceb5662a7f5da1,Pritam Singh,,,,1
RES-120,web/src/types/schemas.ts,24,Unknown/unattributed,,unknown: grouped residuals not attributed from last editor,False,89464e90b453ff9dbe73328206ceb5662a7f5da1,Pritam Singh,,,,1
RES-121,web/tests/browser/dashboard.spec.ts,7,Unknown/unattributed,,unknown: grouped residuals not attributed from last editor,False,221d420704e8a39ab1a95743fd5c1dcec8781651,Pritam Singh,,,,1
RES-122,web/tsconfig.app.json,2,Unknown/unattributed,,unknown: grouped residuals not attributed from last editor,False,3d7ce9627701b501543c6af3dfbdf635856d29e6,Saba Saeed,,,,1
RES-123,web/tsconfig.browser.json,2,Unknown/unattributed,,unknown: grouped residuals not attributed from last editor,False,857f6121b69fe4c2148c47c69ba9bc5c83eeaf29,Pritam Singh,,,,1
RES-124,web/tsconfig.json,2,Unknown/unattributed,,unknown: grouped residuals not attributed from last editor,False,3d7ce9627701b501543c6af3dfbdf635856d29e6,Saba Saeed,,,,1
RES-125,web/tsconfig.node.json,2,Unknown/unattributed,,unknown: grouped residuals not attributed from last editor,False,3d7ce9627701b501543c6af3dfbdf635856d29e6,Saba Saeed,,,,1
