file,kind,tracked,ignored,bytes,lines,sha256,reachability,audit_status,categories,finding_count,literal_occurrences_count,finding_associated_lines,data_metrics
.env.example,source,True,False,1018,29,d65d03eac6077b7b0348608711724d10c8200738cfd87cd2349f526df8bef009,runtime,read_scanned,D,1,1,1,{}
.github/workflows/python312.yml,source,True,False,2338,67,62e91358dc281c098458a85cc1d48adb5067a5c19fdabbe686c622208a9dea63,runtime,read_scanned,D,3,12,60,{}
.github/workflows/self-hosted-windows-diagnostic.yml,source,True,False,1207,32,5a7ca144eb31e21e515fcdb61c3365af3d9475fe1b561733f049cd5dbfcc0ad8,runtime,read_scanned,D,2,13,23,{}
.gitignore,source,True,False,468,30,e7135bc476bec243a34182da14364812f8afbeef56b09871722bb4c66aeacdad,runtime,read_scanned,,0,0,0,{}
LICENSE,documentation,True,False,1084,21,6d81b8ff8203d5a1a1f4771cc5c9c0d3e04b32e68a1c99585b25975dd5b75e09,runtime,read_scanned,,0,0,0,{}
README.md,documentation,True,False,15058,243,10a9c5a66c3c7aefa05b23171489c1513c204caa29d29f9c8e9e54357346aee3,runtime,read_scanned,E,1,0,5,{}
agent/__init__.py,source,True,False,0,0,e3b0c44298fc1c149afbf4c8996fb92427ae41e4649b934ca495991b7852b855,runtime,read_scanned,,0,0,0,{}
agent/agent.py,source,True,False,8960,237,3a950240617841f2441221741b9cc3f4bfeeac5cd4bce1d434b5d2e7cf453215,runtime,read_scanned,B; C; D,4,143,206,{}
agent/bedrock_agent.py,source,True,False,8144,182,11d241e2a092768d29d684103dc4595475a1664708e559309ec5403cc88d8421,runtime,read_scanned,C; D; E,5,51,128,{}
agent/prompts/.gitkeep,asset_or_report,True,False,0,0,e3b0c44298fc1c149afbf4c8996fb92427ae41e4649b934ca495991b7852b855,runtime,read_scanned,,0,0,0,{}
agent/prompts/system.md,documentation,True,False,2929,47,e0379488649d2a0db78f99bb22043b5f6792e2336adba804d4025707148b0bf4,runtime,read_scanned,C,1,0,13,{}
agent/tests/__init__.py,source,True,False,0,0,e3b0c44298fc1c149afbf4c8996fb92427ae41e4649b934ca495991b7852b855,test,read_scanned,,0,0,0,{}
agent/tests/reviewed_run.json,asset_or_report,True,False,2468,48,97c863a5e7153b644f5d0b42aed8bdeff3d9f43ddc74238bedbbb0ab19aa1671,test,json_parsed,A,1,0,48,"{""array_entries"": 5, ""records_actions"": 3, ""records_authority_actions"": 2, ""scalar_entries"": 30}"
agent/tests/test_agent.py,source,True,False,4736,124,f3eccfa40cf3d70188cf67a59f44fe2a6fab6c5de3c7c89dfd5b458d98d7350e,test,read_scanned,B,1,66,101,{}
agent/tests/test_bedrock_fallback.py,source,True,False,2130,69,82c0b580f67d86cdbb497aa91f890d5d20e7056ebd4a8380b2b88d3c6c15d06c,test,read_scanned,B,2,29,55,{}
agent/tools/__init__.py,source,True,False,444,17,f1f45ef5be889860febb55ab98321a0c7ee2457b35fe969fe9e7c4a63e7688f5,runtime,read_scanned,D,1,5,5,{}
agent/tools/get_exposed_population.py,source,True,False,976,33,9e9498b474a1ce3a9c8cf3af8ebc080daf99e2ab8791e27827432d76bed9ea6a,runtime,read_scanned,D,1,26,19,{}
agent/tools/get_ranked_sites.py,source,True,False,964,35,b91b73c6eedd6752356e8d87dbb34b5ab238650bc46557ecb67ef7719ca962cc,runtime,read_scanned,D,1,10,20,{}
agent/tools/get_site.py,source,True,False,1174,41,027011d294787608751d70dbc24564ec07694b7acb7188cc0dffc7fc13961836,runtime,read_scanned,D,1,13,28,{}
agent/tools/get_sources.py,source,True,False,786,31,97ba3f80eb80a28ea37ddaaf93e29b0e180a16e1df62799173b4ff08fd2fc846,runtime,read_scanned,D,1,6,18,{}
agent/tools/query_corridor.py,source,True,False,1124,39,cbf2d0ca447b3385c0cfb68c83b39589f79047e6cd04eb7c7a4cbd519af72f46,runtime,read_scanned,D,1,15,25,{}
api/__init__.py,source,True,False,0,0,e3b0c44298fc1c149afbf4c8996fb92427ae41e4649b934ca495991b7852b855,runtime,read_scanned,,0,0,0,{}
api/handlers/__init__.py,source,True,False,0,0,e3b0c44298fc1c149afbf4c8996fb92427ae41e4649b934ca495991b7852b855,runtime,read_scanned,,0,0,0,{}
api/handlers/app.py,source,True,False,7934,210,a3759da4f629b69a73ffcf8d4aef4f9a2431881bbcc71507cbcc24362b209a82,runtime,read_scanned,D; E,7,208,176,{}
api/schemas/.gitkeep,asset_or_report,True,False,0,0,e3b0c44298fc1c149afbf4c8996fb92427ae41e4649b934ca495991b7852b855,runtime,read_scanned,,0,0,0,{}
api/tests/__init__.py,source,True,False,0,0,e3b0c44298fc1c149afbf4c8996fb92427ae41e4649b934ca495991b7852b855,test,read_scanned,,0,0,0,{}
api/tests/test_app.py,source,True,False,4570,124,afe70105ce715f06e269cb3c3aeab5ac2342601c59b608ffb5087bba49e1ae14,test,read_scanned,B,3,123,108,{}
data/live/.gitkeep,asset_or_report,True,False,174,3,063804260e274c95b2fd21523c0a927a5b65a9eee73ebb0faebf5d4b99be8a3d,artifact,read_scanned,,0,0,0,{}
data/live/README.md,documentation,True,False,4812,159,7da39905dcbd3941a0b3b5b2fc45102530120debc1472f9c6ff530a0feb98c66,artifact,read_scanned,B; E,3,0,134,{}
data/live/actions.json,asset_or_report,True,False,4382,88,66768a4d5abb98c325016e3e39d6e99dc8dd85a7fd1e38d862f0b96bb7457695,artifact,json_parsed,A,1,0,88,"{""array_entries"": 11, ""records_actions"": 8, ""records_authority_actions"": 3, ""scalar_entries"": 60}"
data/live/aqi.json,asset_or_report,True,False,17956,725,d94e8234ce56fec586fb09fba364732174a8649d4fbac314b3776dae0962b09c,artifact,json_parsed,A,1,0,725,"{""array_entries"": 60, ""coordinate_positions"": 60, ""records_stations"": 60, ""scalar_entries"": 601}"
data/live/corridor.geojson,asset_or_report,True,False,86677,4518,32f81bc4e31b03fdc2ea9282bc447da410b80c2d1a6a245d7767b60b10fbd603,artifact,json_parsed,A,1,0,4518,"{""array_entries"": 2890, ""coordinate_positions"": 850, ""records_features"": 50, ""scalar_entries"": 2314}"
data/live/fires.json,asset_or_report,True,False,57583,2282,5518f832f4a1554af4354597fb4b17309937440c426b6226b9a2193f01429b4c,artifact,json_parsed,A,1,0,2282,"{""array_entries"": 231, ""coordinate_positions"": 227, ""records_fires"": 227, ""scalar_entries"": 1822}"
data/live/india-boundary.geojson,asset_or_report,True,False,157627,9318,0cbd04d50e1b3d27cb12d576388568ec9eb8a8789683ba3158d29bf13218b366,artifact,json_parsed,A,1,0,9318,"{""array_entries"": 6979, ""coordinate_positions"": 2326, ""records_features"": 1, ""scalar_entries"": 4655}"
data/live/population.json,asset_or_report,True,False,18308191,1113980,5cecfce0a9e77ea79c616ec5ce17fecbf58bca5fd34c2b3e5952b71a6b204d36,artifact,json_parsed,A,1,0,1113980,"{""array_entries"": 222796, ""coordinate_positions"": 222792, ""records_cells"": 222792, ""scalar_entries"": 668388}"
data/live/ranked_sites.json,asset_or_report,True,False,144182,5784,41e2cd70e9bacc7c8be8458b5d898e177e06e20ae6ace2f57674e742d15495f3,artifact,json_parsed,A,1,0,5784,"{""array_entries"": 444, ""coordinate_positions"": 444, ""records_sites"": 444, ""scalar_entries"": 4890}"
data/live/sites.geojson,asset_or_report,True,False,1324780,59515,4862bf41e95d538d6389423969fb9da52386f45a4869670c122e91ad23c529bd,artifact,json_parsed,A,1,0,59515,"{""array_entries"": 9396, ""coordinate_positions"": 3132, ""records_features"": 3132, ""scalar_entries"": 34455}"
data/live/sources.json,asset_or_report,True,False,3571,135,900b5925955635660d90295b2324083fc52a23a3596aaab9450f518a7221135a,artifact,json_parsed,A,1,0,135,"{""array_entries"": 10, ""coordinate_positions"": 10, ""records_sources"": 10, ""scalar_entries"": 111}"
data/live/wind.json,asset_or_report,True,False,3202964,125976,b9bba4ad4e5d2bdd8fa4f6b8b77a267951fa9697a9db87545c0df3a741f6ca09,artifact,json_parsed,A,1,0,125976,"{""array_entries"": 15827, ""coordinate_positions"": 323, ""records_points"": 323, ""records_wind_hours"": 15504, ""scalar_entries"": 93672}"
docs/aditya's_work/README.md,documentation,True,False,4279,64,a9e61c3891b2c69eee3a1ef666312d622dc9d049a673559c71a7485b830bf074,artifact,read_scanned,,0,0,0,{}
docs/aditya's_work/phase-1-foundation/01-account-credits-budgets.md,documentation,True,False,1177,20,acbf08859e6f075718f9291c114ef66dc4ee958c23ff05b31a8efa088cb4962e,artifact,read_scanned,,0,0,0,{}
docs/aditya's_work/phase-1-foundation/02-iam-and-secrets.md,documentation,True,False,1142,22,65b292d1d10d32337b9cbd212425e5c1c12b330966d385573f6b14700fc7a66c,artifact,read_scanned,,0,0,0,{}
docs/aditya's_work/phase-1-foundation/03-s3-buckets.md,documentation,True,False,953,18,1caea22c6d4ff41f2f2084d42496bdaf8c00a54fdc9133a9292cbd43ff8985dc,artifact,read_scanned,,0,0,0,{}
docs/aditya's_work/phase-1-foundation/04-storage-interface.md,documentation,True,False,1076,24,6dcf3ac34df486a32af5e33a57b749f77b4bb517473a0ec176d9d690683b4d5e,artifact,read_scanned,,0,0,0,{}
docs/aditya's_work/phase-1-foundation/05-iac-skeleton.md,documentation,True,False,903,14,d2ce0d69d97f52bcc0974fa082b372be1332eadaa5444bb3f9fb9f0c2ca87db2,artifact,read_scanned,,0,0,0,{}
docs/aditya's_work/phase-1-foundation/COMPLETION.md,documentation,True,False,6885,132,2172cfa297ccc46d1e0253ee03f0a0393d0380645de24430f91fd4afaa7b4dbb,artifact,read_scanned,,0,0,0,{}
docs/aditya's_work/phase-1-foundation/README.md,documentation,True,False,1099,15,85d55286c3eb57002d2185415d9331462c2fe60f2ce7cb2b458ccedccab6dde3,artifact,read_scanned,,0,0,0,{}
docs/aditya's_work/phase-2-ingestion/01-fetcher-lambdas.md,documentation,True,False,867,14,9fe2940fc9175834ebcb7c7d71e2b135ed7ab9d4f7dce39dca61f3dad5fa0214,artifact,read_scanned,,0,0,0,{}
docs/aditya's_work/phase-2-ingestion/02-eventbridge-schedules.md,documentation,True,False,778,17,c6cd72028721f2074e666e8c27f35cb9219a90d0790fa2d5b32c85e779f1d40b,artifact,read_scanned,,0,0,0,{}
docs/aditya's_work/phase-2-ingestion/03-secrets-in-lambdas.md,documentation,True,False,676,11,ed21c0fc1de7f59503c2b5de8a28de68608c33e6d32c8c7e24c464be0f7da790,artifact,read_scanned,,0,0,0,{}
docs/aditya's_work/phase-2-ingestion/04-failure-visibility.md,documentation,True,False,779,11,aed23df5b15593c5eab021fa2db31918535b7695a994d36ed7ff73baff7d7123,artifact,read_scanned,,0,0,0,{}
docs/aditya's_work/phase-2-ingestion/05-step-functions-pipeline.md,documentation,True,False,849,13,98a415182b16316321f27f0b500ed794bd8cc7f14b5d54232e67c11bff58e912,artifact,read_scanned,,0,0,0,{}
docs/aditya's_work/phase-2-ingestion/COMPLETION.md,documentation,True,False,5585,74,a114c26756a7dde3555e64a1fa5b3acf317f4cd83f4e87895961803bb5b02aec,artifact,read_scanned,,0,0,0,{}
docs/aditya's_work/phase-2-ingestion/README.md,documentation,True,False,948,15,25fac9ae6e73770d566b9b5435a829a06db7464adc6bb9a88a9ae01949d6eb9b,artifact,read_scanned,,0,0,0,{}
docs/aditya's_work/phase-3-models-agent-api/01-detection-corridor-lambda.md,documentation,True,False,792,12,8f5e7b9089f00a702f521fed4fbbd69313141a327f7bdc671044d8cf361497b2,artifact,read_scanned,,0,0,0,{}
docs/aditya's_work/phase-3-models-agent-api/02-sagemaker.md,documentation,True,False,902,13,4e1b77b818eea43b2e04be4cc48fbc7783c011b0e762f6ab7089315f7cf20a29,artifact,read_scanned,,0,0,0,{}
docs/aditya's_work/phase-3-models-agent-api/03-exposure-ranking-lambda.md,documentation,True,False,701,11,aa2cf37f9f2aa14cb7154431a397d5a505bb293ae6522a81e5c53d36ac3bc290,artifact,read_scanned,,0,0,0,{}
docs/aditya's_work/phase-3-models-agent-api/04-bedrock-strands-agent.md,documentation,True,False,1022,14,8cb341d311aed5d500a844fc3c64a4da10da2f5fd2912007acc49e81f1f95ca7,artifact,read_scanned,,0,0,0,{}
docs/aditya's_work/phase-3-models-agent-api/05-api-gateway.md,documentation,True,False,968,20,7dc20e0953963626879374efd9f65d0ad01883fa43e33fbf9cd00239303ce6d7,artifact,read_scanned,,0,0,0,{}
docs/aditya's_work/phase-3-models-agent-api/06-cloudfront-website.md,documentation,True,False,748,12,9b6bf31974948e3b972834143f6ff0149645cbdbb50449bed7634c52cf642b69,artifact,read_scanned,,0,0,0,{}
docs/aditya's_work/phase-3-models-agent-api/COMPLETION.md,documentation,True,False,12666,141,40b86a16a0f294d41543df42091768050f38daec6f7923ea441dde51d9d2a584,artifact,read_scanned,,0,0,0,{}
docs/aditya's_work/phase-3-models-agent-api/README.md,documentation,True,False,972,16,886ffc343702e195a3b5d5e21d3d01fc63a9f962ab01871bcbd4e189a6217f14,artifact,read_scanned,,0,0,0,{}
docs/aditya's_work/phase-4-hardening-submission/01-observability.md,documentation,True,False,608,11,e49046cac2be8a7079af9d1b317ac02761614806c233170a69dc4be3d4f0a903,artifact,read_scanned,,0,0,0,{}
docs/aditya's_work/phase-4-hardening-submission/02-smoke-test.md,documentation,True,False,769,13,6d2e00934b6d6b1fe5ffe022e6bcb7b204e76ff32975d85dc8a07f6391bea8f5,artifact,read_scanned,,0,0,0,{}
docs/aditya's_work/phase-4-hardening-submission/03-stale-data-handling.md,documentation,True,False,771,13,b51116a4150fcaf1aac763d20db6e9cac55248b7972141b1ef3349b6c164b973,artifact,read_scanned,,0,0,0,{}
docs/aditya's_work/phase-4-hardening-submission/04-integration-and-review.md,documentation,True,False,642,10,9c4b1f8aef4925582d07c013b505eeec3598f9bd04fff79899a8431b4c6cca4c,artifact,read_scanned,,0,0,0,{}
docs/aditya's_work/phase-4-hardening-submission/05-submission-deliverables.md,documentation,True,False,865,10,a597e59dcf89347de52b25c2f3ba2092ae0407a4507eba59d66a5da66947829d,artifact,read_scanned,,0,0,0,{}
docs/aditya's_work/phase-4-hardening-submission/06-teardown-and-cost.md,documentation,True,False,748,12,a269648c1e1ca3a8de98a5f2411e18ac4307234ae57eee7d5965e3c544e592d9,artifact,read_scanned,,0,0,0,{}
docs/aditya's_work/phase-4-hardening-submission/COMPLETION.md,documentation,True,False,7863,100,3d0be600de7c7944d5a0f5bc4b1430f4138a133c4239b2a6726ae8db6ac21a00,artifact,read_scanned,,0,0,0,{}
docs/aditya's_work/phase-4-hardening-submission/README.md,documentation,True,False,963,16,cd1a513afaf12395a76ecc3dfa0e238ceeb3fad0d312f946b1006e65b8c1bcff,artifact,read_scanned,,0,0,0,{}
docs/aeris_architecture.drawio,asset_or_report,True,False,89915,737,4b558f33590f7559c78f873996bd10b6a5b16d8f33b9f4d58354dcc39aef806c,artifact,read_scanned,,0,0,0,{}
docs/api-list.md,documentation,True,False,8010,125,f381ce1d3bf75adee04ccf32221d05ecf00dda9c750d22b109687a87be5d1fbf,artifact,read_scanned,,0,0,0,{}
docs/assets/aeris-deployed-architecture.png,asset_or_report,True,False,624163,0,283a9738da992d6bf81d8e3881995b6d6d8f38ff06e54d59c4a017af89e52bd9,artifact,binary_metadata_only,,0,0,0,{}
docs/assets/logo.svg,asset_or_report,True,False,875,14,3bba86a37676298a522289f5da8af7dd5e0b10349cb0208a2caa3fe2b672804b,artifact,read_scanned,,0,0,0,{}
docs/audit/README.md,documentation,True,False,4586,54,bfc618779275b27b289b7da8dd44723e7cb1f07276bbe6ac7833bc437e36cade,artifact,read_scanned,,0,0,0,{}
docs/audit/aditya-work-done.md,documentation,True,False,6346,76,6d05fcb4936cebd94c4f73793deb8e18d257cb3fba684a1cb907556b123ba18e,artifact,read_scanned,,0,0,0,{}
docs/audit/aeris-explained-hinglish.md,documentation,True,False,3507,54,736efcb2f6f38a42a53436e65612f7515b3d0b53129418f923a92e9fe4a817f8,artifact,read_scanned,,0,0,0,{}
docs/audit/data-authenticity.md,documentation,True,False,10575,70,b1f7456addbb328f285c64689ef6360212ede79087efe0457b0189183d301409,artifact,read_scanned,E,1,0,66,{}
docs/audit/improvements.md,documentation,True,False,4780,59,df06e2884d1d7f2bb8bff4df86e16b55b99f978138d9eb91e605eaa98eb5a791,artifact,read_scanned,,0,0,0,{}
docs/audit/lambda-package-sizes.json,asset_or_report,True,False,5646,171,ef0b8500f679b5d34e66eb0b847c33d0ba0cb9c5b5ae96bb3534a8f5c8dce1da,artifact,json_parsed,,0,0,0,"{""array_entries"": 14, ""scalar_entries"": 136}"
docs/audit/python312-lambda-verification.md,documentation,True,False,14690,135,9f3a658f608f801ac15ac2ae6f8dac1d265ae312e1939da262e6df4804ba435c,artifact,read_scanned,,0,0,0,{}
docs/audit/running-cost.md,documentation,True,False,4596,70,f0b880675a416ccf76c7eb5adbea04f6bbb574f1078b603532b372157268f50b,artifact,read_scanned,,0,0,0,{}
docs/audit/work-left.md,documentation,True,False,7209,82,087af25e34b9b7ca4d5ae4a09f2cc2313887e0be9fba3b770f3c307ed945dd38,artifact,read_scanned,,0,0,0,{}
docs/data-contracts.md,documentation,True,False,6995,147,6189ca832b82cad166576afca998412ffc1e0b8d5ed3bde45e667bed4ad47088,artifact,read_scanned,,0,0,0,{}
docs/demo-script.md,documentation,True,False,7587,99,753496492476115c8f114e166f127fe39184ada4925abe53e05e9983c46f776e,artifact,read_scanned,,0,0,0,{}
docs/members/aditya-aws.md,documentation,True,False,7518,110,9179f863450b6a47e7615fe4fa53f1aaad5e961f1a9b6473d27c6d9fb5b59408,artifact,read_scanned,,0,0,0,{}
docs/members/meenal-data-exposure.md,documentation,True,False,8452,125,52e90e723aa35e294031635da327a31ba3a3512d20ff81126602f8080a4e97e6,artifact,read_scanned,,0,0,0,{}
docs/members/pritam-models.md,documentation,True,False,8344,110,1e1abb5de989f4f07a0e769879dd789f4a7e874ea8c3b229484d5ba4c55a5587,artifact,read_scanned,,0,0,0,{}
docs/members/saba-agent-ui.md,documentation,True,False,8108,111,bf2803888223c34509dff33f177d7c4f0cd825b14e5e8a898cead1a0477bc111,artifact,read_scanned,,0,0,0,{}
docs/self-hosted-windows-diagnostic.md,documentation,True,False,12223,219,f56a23604040caa356cb7574a395d7c25b9b04bc21b4dae942320cbe753594ea,artifact,read_scanned,,0,0,0,{}
docs/submission/README.md,documentation,True,False,1867,22,aeadc645143cf706ddd3ad9eb62ff4abb9bcbf95af4a1d618aff37e1b3a6a743,artifact,read_scanned,,0,0,0,{}
docs/submission/aws-builder-blog.md,documentation,True,False,6539,67,a53af0117144dcd514c22918a2615dfd851675b2964ca941b0083e483d34c9a6,artifact,read_scanned,,0,0,0,{}
docs/work-split.md,documentation,True,False,6244,97,eb30151879a1a189f38132bbf7357b9d9dbbabf734ae8fa4d1712d1c1d66b2ec,artifact,read_scanned,,0,0,0,{}
file and folder structure.md,documentation,True,False,3795,73,d3cd838e67f7bccfba3a830423add4fa6c6b7f20168267d7f187b3d88d784623,runtime,read_scanned,,0,0,0,{}
infra/lambda/Makefile,source,True,False,1327,32,6c34c14d9594353ab43c19a7feb2393b3eb48cb4b994867ac479d12be5f1b179,runtime,read_scanned,D,2,15,32,{}
infra/lambda/agent/__init__.py,generated_staging_copy,False,True,0,0,e3b0c44298fc1c149afbf4c8996fb92427ae41e4649b934ca495991b7852b855,runtime,read_scanned,,0,0,0,{}
infra/lambda/agent/agent.py,generated_staging_copy,False,True,8960,237,3a950240617841f2441221741b9cc3f4bfeeac5cd4bce1d434b5d2e7cf453215,runtime,read_scanned,,0,0,0,{}
infra/lambda/agent/bedrock_agent.py,generated_staging_copy,False,True,8144,182,11d241e2a092768d29d684103dc4595475a1664708e559309ec5403cc88d8421,runtime,read_scanned,,0,0,0,{}
infra/lambda/agent/prompts/system.md,generated_staging_copy,False,True,2929,47,e0379488649d2a0db78f99bb22043b5f6792e2336adba804d4025707148b0bf4,runtime,read_scanned,,0,0,0,{}
infra/lambda/agent/tools/__init__.py,generated_staging_copy,False,True,444,17,f1f45ef5be889860febb55ab98321a0c7ee2457b35fe969fe9e7c4a63e7688f5,runtime,read_scanned,,0,0,0,{}
infra/lambda/agent/tools/get_exposed_population.py,generated_staging_copy,False,True,976,33,9e9498b474a1ce3a9c8cf3af8ebc080daf99e2ab8791e27827432d76bed9ea6a,runtime,read_scanned,,0,0,0,{}
infra/lambda/agent/tools/get_ranked_sites.py,generated_staging_copy,False,True,964,35,b91b73c6eedd6752356e8d87dbb34b5ab238650bc46557ecb67ef7719ca962cc,runtime,read_scanned,,0,0,0,{}
infra/lambda/agent/tools/get_site.py,generated_staging_copy,False,True,1174,41,027011d294787608751d70dbc24564ec07694b7acb7188cc0dffc7fc13961836,runtime,read_scanned,,0,0,0,{}
infra/lambda/agent/tools/get_sources.py,generated_staging_copy,False,True,786,31,97ba3f80eb80a28ea37ddaaf93e29b0e180a16e1df62799173b4ff08fd2fc846,runtime,read_scanned,,0,0,0,{}
infra/lambda/agent/tools/query_corridor.py,generated_staging_copy,False,True,1124,39,cbf2d0ca447b3385c0cfb68c83b39589f79047e6cd04eb7c7a4cbd519af72f46,runtime,read_scanned,,0,0,0,{}
infra/lambda/api/__init__.py,generated_staging_copy,False,True,0,0,e3b0c44298fc1c149afbf4c8996fb92427ae41e4649b934ca495991b7852b855,runtime,read_scanned,,0,0,0,{}
infra/lambda/api/handlers/__init__.py,generated_staging_copy,False,True,0,0,e3b0c44298fc1c149afbf4c8996fb92427ae41e4649b934ca495991b7852b855,runtime,read_scanned,,0,0,0,{}
infra/lambda/api/handlers/app.py,generated_staging_copy,False,True,7934,210,a3759da4f629b69a73ffcf8d4aef4f9a2431881bbcc71507cbcc24362b209a82,runtime,read_scanned,,0,0,0,{}
infra/lambda/ingest/__init__.py,generated_staging_copy,False,True,18,1,6b35f22c177e57eb9054ca94289de27e4b1c1de2d96bc7e0b74a605633e5d992,runtime,read_scanned,,0,0,0,{}
infra/lambda/ingest/aqi/__init__.py,generated_staging_copy,False,True,22,1,981f8193fdf242ac116b256a1f6dcabd9cbff873316429ff3b89140c263da8d4,runtime,read_scanned,,0,0,0,{}
infra/lambda/ingest/aqi/fetch_aqi.py,generated_staging_copy,False,True,17709,498,571de8359e4616d7899d6930449c14051a210393d43e33bcc2c6f6cf0c249bf2,runtime,read_scanned,,0,0,0,{}
infra/lambda/ingest/aqi/handler.py,generated_staging_copy,False,True,1898,61,f65b73c3fc8442b584378b8471f7772532e0fd12a2713c8186e918724a0100f6,runtime,read_scanned,,0,0,0,{}
infra/lambda/ingest/common/__init__.py,generated_staging_copy,False,True,25,1,cd536958a98ddd7448b07f3dd5956fc3d61e23e363d2157a6044fc427460eebd,runtime,read_scanned,,0,0,0,{}
infra/lambda/ingest/common/http.py,generated_staging_copy,False,True,6966,214,332c16d0a4f7a53ab473f9d2186dbd15d1cc5d468e411524b4f0bf4c5a3eeecd,runtime,read_scanned,,0,0,0,{}
infra/lambda/ingest/common/secrets.py,generated_staging_copy,False,True,1505,45,7c9474ec3c84c1d85ec3d183b072ca1697186045332d9748f749267ed5666a88,runtime,read_scanned,,0,0,0,{}
infra/lambda/ingest/common/storage.py,generated_staging_copy,False,True,6300,165,d23bcd2735c4f372aa3352466312dd47ce5dea37d07ac876e3699dd6fa170883,runtime,read_scanned,,0,0,0,{}
infra/lambda/ingest/firms/__init__.py,generated_staging_copy,False,True,24,1,134ee8c4e9e823e52bab05a5c484d3184f52e0ea9f295e0ae06b41d49d0cf243,runtime,read_scanned,,0,0,0,{}
infra/lambda/ingest/firms/fetch_fires.py,generated_staging_copy,False,True,10189,301,23a0c6029b9b760cc748f4dc01515870ed35af035c542f14f6d959170b8c1817,runtime,read_scanned,,0,0,0,{}
infra/lambda/ingest/firms/handler.py,generated_staging_copy,False,True,2979,93,74f70913dd5d169041a882bd979b53abdc5cbf3b94dd36a8b89ac4ede68d5a2b,runtime,read_scanned,,0,0,0,{}
infra/lambda/ingest/population/__init__.py,generated_staging_copy,False,True,29,1,9d39c57d4aa2a8a322d567d566aace9dc4215026a727dd01e64380790097780b,runtime,read_scanned,,0,0,0,{}
infra/lambda/ingest/population/build_population.py,generated_staging_copy,False,True,10049,274,e2fab29c6508d0c4423d31aa3884cb43c0eab0b554bc98a5526d5a3b5d20d0ec,runtime,read_scanned,,0,0,0,{}
infra/lambda/ingest/population/handler.py,generated_staging_copy,False,True,2192,63,ce34907cef3bc15fbea3819e2838f915fc9cc686e6e1c139cdc513ccdb4dd95a,runtime,read_scanned,,0,0,0,{}
infra/lambda/ingest/sites/__init__.py,generated_staging_copy,False,True,24,1,a56bc85b340bd9f3a365d2dde9c9a55fc0f15164e2585cc68d888efe688b135a,runtime,read_scanned,,0,0,0,{}
infra/lambda/ingest/sites/fetch_sites.py,generated_staging_copy,False,True,9955,301,28ba64604dc878d9a62b10d63d76d6391231612ca147c5ff9a6cfa81d50daef0,runtime,read_scanned,,0,0,0,{}
infra/lambda/ingest/sites/handler.py,generated_staging_copy,False,True,1820,59,2ed5997eb0a71f45fc2b438fed836d2902989f4ca05c669bd3308160fca9c2b4,runtime,read_scanned,,0,0,0,{}
infra/lambda/ingest/weather/__init__.py,generated_staging_copy,False,True,26,1,6770b5de9e75a52739724b87ba8fe812dfd72b13edc495a6140ce4633959c633,runtime,read_scanned,,0,0,0,{}
infra/lambda/ingest/weather/fetch_wind.py,generated_staging_copy,False,True,10592,317,99563f97e569138ed612e5c8c7ae8580333c758e842015c41941fba2bdd1030e,runtime,read_scanned,,0,0,0,{}
infra/lambda/ingest/weather/handler.py,generated_staging_copy,False,True,2116,64,70d19be47a2c791e8985270ee3089adcab8a83efebc9e99731077c242fd2a7f7,runtime,read_scanned,,0,0,0,{}
infra/lambda/models/__init__.py,generated_staging_copy,False,True,0,0,e3b0c44298fc1c149afbf4c8996fb92427ae41e4649b934ca495991b7852b855,runtime,read_scanned,,0,0,0,{}
infra/lambda/models/common/__init__.py,generated_staging_copy,False,True,0,0,e3b0c44298fc1c149afbf4c8996fb92427ae41e4649b934ca495991b7852b855,runtime,read_scanned,,0,0,0,{}
infra/lambda/models/common/geo.py,generated_staging_copy,False,True,2362,64,fe5017af37556464a53d7216190ce055d12efc51db6d97044d0be83e07622916,runtime,read_scanned,,0,0,0,{}
infra/lambda/models/exposure/__init__.py,generated_staging_copy,False,True,27,1,1a5bd2d2a53a2d8acb16cf7abebab08fcfa44692161222e2396e0c443a84ab1e,runtime,read_scanned,,0,0,0,{}
infra/lambda/models/exposure/rank_sites.py,generated_staging_copy,False,True,13265,367,fa954ffede193aa28eaaaf586a1c580f4bf1a56f297bd871f46c547f796b68e9,runtime,read_scanned,,0,0,0,{}
infra/lambda/models/plume/__init__.py,generated_staging_copy,False,True,0,0,e3b0c44298fc1c149afbf4c8996fb92427ae41e4649b934ca495991b7852b855,runtime,read_scanned,,0,0,0,{}
infra/lambda/models/plume/advect.py,generated_staging_copy,False,True,16809,349,fc999522ca22f123ae563cf6daa9982d4db1302adc6835604a5da2849deb234b,runtime,read_scanned,,0,0,0,{}
infra/lambda/models/plume/calibrate.py,generated_staging_copy,False,True,25450,423,8e2323cca3bb4fab94705fa9ddd9c169402c69e3e192c745baee5583efa54548,runtime,read_scanned,,0,0,0,{}
infra/lambda/models/plume/corridor.py,generated_staging_copy,False,True,15859,306,a0ab3247005fee1df6d5a0b23ef0a632e7c1ad0c76b46993ea38c450d9ea4a1a,runtime,read_scanned,,0,0,0,{}
infra/lambda/models/plume/history.py,generated_staging_copy,False,True,20059,358,53950706673556f614c38a065364232eaf7a3c28450d726d8f60d0a4f58ba34f,runtime,read_scanned,,0,0,0,{}
infra/lambda/models/plume/parameters.py,generated_staging_copy,False,True,8832,157,0d314bf4366e58a7deada01d04174ed299a491dcd716c50ab7386360b5af0899,runtime,read_scanned,,0,0,0,{}
infra/lambda/models/source_detection/__init__.py,generated_staging_copy,False,True,0,0,e3b0c44298fc1c149afbf4c8996fb92427ae41e4649b934ca495991b7852b855,runtime,read_scanned,,0,0,0,{}
infra/lambda/models/source_detection/cluster.py,generated_staging_copy,False,True,15684,304,df71101831aa1e5c1c0f49772866d17a20bcab097e44cb645c077c4080c51a57,runtime,read_scanned,,0,0,0,{}
infra/lambda/pipeline/__init__.py,generated_staging_copy,False,True,0,0,e3b0c44298fc1c149afbf4c8996fb92427ae41e4649b934ca495991b7852b855,runtime,read_scanned,,0,0,0,{}
infra/lambda/pipeline/contracts.py,generated_staging_copy,False,True,8195,201,15397e0257e16ce6a31584c21abd1ad5d0365bdd45bf50cb3bd4f3c76c4628e1,runtime,read_scanned,,0,0,0,{}
infra/lambda/pipeline/steps.py,generated_staging_copy,False,True,6375,146,b61a8d9577371bf67b91f84566df6534608678076847113f79752ac0191ca35c,runtime,read_scanned,,0,0,0,{}
infra/lambda/prune.py,source,True,False,2239,47,de5d912514f94cc5355d96d1f36e873ebf02226c57b2f2983bd7ec609815f92c,runtime,read_scanned,D,2,27,36,{}
infra/lambda/requirements-agent.txt,source,True,False,309,7,d75b3e08e95462f81246062a59b61781eaa6734b51bf570d408b17be329470ff,runtime,read_scanned,D,1,8,5,{}
infra/lambda/requirements-pipeline.txt,source,True,False,229,7,ff877dc0a2e3d4292f06f12672cff08716c6b93be1f0bc25938e7d679823e26a,runtime,read_scanned,D,1,10,6,{}
infra/lambda/requirements.txt,source,True,False,18,1,f8e6011ebb172da7eba7a0ebf7aa6b310a6c55380df1351fca177b5593920bba,runtime,read_scanned,D,1,2,1,{}
infra/sagemaker/.gitkeep,asset_or_report,True,False,0,0,e3b0c44298fc1c149afbf4c8996fb92427ae41e4649b934ca495991b7852b855,runtime,read_scanned,,0,0,0,{}
infra/template.yaml,source,True,False,30349,848,168c0c711bdf04be526feb5a4fda1ac7ed7bcba7a1033f68d2949261b640624f,runtime,read_scanned,D,13,135,820,{}
ingest/README.md,documentation,True,False,3937,147,488a106d71511056a930e0dcf48efc87c92368f84ef702e5fe318904ffa0acdd,runtime,read_scanned,,0,0,0,{}
ingest/__init__.py,source,True,False,18,1,6b35f22c177e57eb9054ca94289de27e4b1c1de2d96bc7e0b74a605633e5d992,runtime,read_scanned,,0,0,0,{}
ingest/aqi/__init__.py,source,True,False,22,1,981f8193fdf242ac116b256a1f6dcabd9cbff873316429ff3b89140c263da8d4,runtime,read_scanned,,0,0,0,{}
ingest/aqi/fetch_aqi.py,source,True,False,17709,498,571de8359e4616d7899d6930449c14051a210393d43e33bcc2c6f6cf0c249bf2,runtime,read_scanned,C; D,7,265,424,{}
ingest/aqi/handler.py,source,True,False,1898,61,f65b73c3fc8442b584378b8471f7772532e0fd12a2713c8186e918724a0100f6,runtime,read_scanned,D,2,26,39,{}
ingest/common/__init__.py,source,True,False,25,1,cd536958a98ddd7448b07f3dd5956fc3d61e23e363d2157a6044fc427460eebd,runtime,read_scanned,,0,0,0,{}
ingest/common/http.py,source,True,False,6966,214,332c16d0a4f7a53ab473f9d2186dbd15d1cc5d468e411524b4f0bf4c5a3eeecd,runtime,read_scanned,D; F,3,73,183,{}
ingest/common/secrets.py,source,True,False,1505,45,7c9474ec3c84c1d85ec3d183b072ca1697186045332d9748f749267ed5666a88,runtime,read_scanned,D,1,11,26,{}
ingest/common/storage.py,source,True,False,6300,165,d23bcd2735c4f372aa3352466312dd47ce5dea37d07ac876e3699dd6fa170883,runtime,read_scanned,D,2,67,131,{}
ingest/firms/__init__.py,source,True,False,24,1,134ee8c4e9e823e52bab05a5c484d3184f52e0ea9f295e0ae06b41d49d0cf243,runtime,read_scanned,,0,0,0,{}
ingest/firms/fetch_fires.py,source,True,False,10189,301,23a0c6029b9b760cc748f4dc01515870ed35af035c542f14f6d959170b8c1817,runtime,read_scanned,C; D,4,115,228,{}
ingest/firms/handler.py,source,True,False,2979,93,74f70913dd5d169041a882bd979b53abdc5cbf3b94dd36a8b89ac4ede68d5a2b,runtime,read_scanned,D,2,31,51,{}
ingest/population/__init__.py,source,True,False,29,1,9d39c57d4aa2a8a322d567d566aace9dc4215026a727dd01e64380790097780b,runtime,read_scanned,,0,0,0,{}
ingest/population/build_population.py,source,True,False,10049,274,e2fab29c6508d0c4423d31aa3884cb43c0eab0b554bc98a5526d5a3b5d20d0ec,runtime,read_scanned,A; D,3,82,204,{}
ingest/population/handler.py,source,True,False,2192,63,ce34907cef3bc15fbea3819e2838f915fc9cc686e6e1c139cdc513ccdb4dd95a,runtime,read_scanned,D,2,31,41,{}
ingest/sites/__init__.py,source,True,False,24,1,a56bc85b340bd9f3a365d2dde9c9a55fc0f15164e2585cc68d888efe688b135a,runtime,read_scanned,,0,0,0,{}
ingest/sites/fetch_sites.py,source,True,False,9955,301,28ba64604dc878d9a62b10d63d76d6391231612ca147c5ff9a6cfa81d50daef0,runtime,read_scanned,A; D,3,115,229,{}
ingest/sites/handler.py,source,True,False,1820,59,2ed5997eb0a71f45fc2b438fed836d2902989f4ca05c669bd3308160fca9c2b4,runtime,read_scanned,D,1,24,37,{}
ingest/tests/__init__.py,source,True,False,24,1,9b2a4d678ea448cd011f8c661d4b7d9f6203b4033caf113d09c088033e52685b,test,read_scanned,,0,0,0,{}
ingest/tests/conftest.py,source,True,False,402,15,58bde6ca88aabf8f667d4d43f3cdc88dedac88ddf314186389dc95251fe8d77c,test,read_scanned,B,1,2,3,{}
ingest/tests/fixtures/__init__.py,source,True,False,200,3,34f080e8079041a864960a684116c993c43f342b4917db73c033ef2c93d25bb9,test,read_scanned,,0,0,0,{}
ingest/tests/test_aqi.py,source,True,False,11793,327,e43017cb492b563f945fb657b5d7a87376b7472e50a951b0295d3ad54d17fc86,test,read_scanned,B,2,255,277,{}
ingest/tests/test_firms.py,source,True,False,9344,223,4584834438bd3c3a049891aba232332ffe7f813667ff154e7d045310b7e18d5d,test,read_scanned,B,2,126,172,{}
ingest/tests/test_population.py,source,True,False,9933,238,8c65a27209b88df74545ae4a672a174e3b8d4ea6c171d0a77e36eabae38ccb9b,test,read_scanned,B,2,178,204,{}
ingest/tests/test_secrets.py,source,True,False,2407,74,0bb8898e7ec4b0446f20dd8ed2e719378b56cc6ddeb592c108565d867f164a88,test,read_scanned,B,2,39,58,{}
ingest/tests/test_sites.py,source,True,False,9905,268,965a96c8fe57a062a8f7892e4c8ed6fb99e8a0cba042946eda68f275e0020983,test,read_scanned,B,2,276,231,{}
ingest/tests/test_storage.py,source,True,False,3747,113,2a668f72d01a18b09d82e576a95d482f053824884fb657b225283a9c8f119177,test,read_scanned,B,2,72,85,{}
ingest/tests/test_wind.py,source,True,False,10893,264,1000dcf5e34cc8eb6e4bd00ac298a08c009a6052ef6b03c4efef14f2b163de6f,test,read_scanned,B,2,234,220,{}
ingest/weather/__init__.py,source,True,False,26,1,6770b5de9e75a52739724b87ba8fe812dfd72b13edc495a6140ce4633959c633,runtime,read_scanned,,0,0,0,{}
ingest/weather/fetch_wind.py,source,True,False,10592,317,99563f97e569138ed612e5c8c7ae8580333c758e842015c41941fba2bdd1030e,runtime,read_scanned,A; D,3,86,188,{}
ingest/weather/handler.py,source,True,False,2116,64,70d19be47a2c791e8985270ee3089adcab8a83efebc9e99731077c242fd2a7f7,runtime,read_scanned,D,1,27,42,{}
models/README.md,documentation,True,False,15342,247,368b68e36df21091b702b2449d926c9033d7ea75a1029e2f7644be134e25aa7c,runtime,read_scanned,,0,0,0,{}
models/RELEASE_AUDIT.json,asset_or_report,True,False,16972,483,911fb8e6b93fa26ea7b505f74c2e2b4ee1a38822be3efeb80f65b2292b025b64,runtime,json_parsed,,0,0,0,"{""array_entries"": 117, ""coordinate_positions"": 1, ""scalar_entries"": 324}"
models/__init__.py,source,True,False,0,0,e3b0c44298fc1c149afbf4c8996fb92427ae41e4649b934ca495991b7852b855,runtime,read_scanned,,0,0,0,{}
models/common/__init__.py,source,True,False,0,0,e3b0c44298fc1c149afbf4c8996fb92427ae41e4649b934ca495991b7852b855,runtime,read_scanned,,0,0,0,{}
models/common/geo.py,source,True,False,2362,64,fe5017af37556464a53d7216190ce055d12efc51db6d97044d0be83e07622916,runtime,read_scanned,C,2,18,37,{}
models/exposure/__init__.py,source,True,False,27,1,1a5bd2d2a53a2d8acb16cf7abebab08fcfa44692161222e2396e0c443a84ab1e,runtime,read_scanned,,0,0,0,{}
models/exposure/rank_sites.py,source,True,False,13265,367,fa954ffede193aa28eaaaf586a1c580f4bf1a56f297bd871f46c547f796b68e9,runtime,read_scanned,C,4,141,318,{}
models/plume/CALIBRATION_INVENTORY.md,documentation,True,False,17930,278,b6daf062810d62fddbd0b7a4cfb5f58872e62141e84de0010ac4e7051445fdb5,runtime,read_scanned,,0,0,0,{}
models/plume/README.md,documentation,True,False,37637,646,5e4a2b6f61d149b32fd518f6f2f6b60f26fb3def4a92e4c7b66ee249f76d210e,runtime,read_scanned,,0,0,0,{}
models/plume/__init__.py,source,True,False,0,0,e3b0c44298fc1c149afbf4c8996fb92427ae41e4649b934ca495991b7852b855,runtime,read_scanned,,0,0,0,{}
models/plume/advect.py,source,True,False,16809,349,fc999522ca22f123ae563cf6daa9982d4db1302adc6835604a5da2849deb234b,runtime,read_scanned,C,2,226,330,{}
models/plume/calibrate.py,source,True,False,25450,423,8e2323cca3bb4fab94705fa9ddd9c169402c69e3e192c745baee5583efa54548,runtime,read_scanned,C,2,420,398,{}
models/plume/corridor.py,source,True,False,15859,306,a0ab3247005fee1df6d5a0b23ef0a632e7c1ad0c76b46993ea38c450d9ea4a1a,runtime,read_scanned,C; D,3,191,278,{}
models/plume/history.py,source,True,False,20059,358,53950706673556f614c38a065364232eaf7a3c28450d726d8f60d0a4f58ba34f,runtime,read_scanned,C,2,206,332,{}
models/plume/parameters.py,source,True,False,8832,157,0d314bf4366e58a7deada01d04174ed299a491dcd716c50ab7386360b5af0899,runtime,read_scanned,C; E,2,157,141,{}
models/plume/tests/__init__.py,source,True,False,76,1,e2a43a343247c10d810cfae7454ab3ba93a9cf008cbea730f4dff5f31a613b3c,test,read_scanned,,0,0,0,{}
models/plume/tests/test_calibrate.py,source,True,False,23100,424,e6f9dc245eecf6991ca87a495a729cd574b5e05f87aa5283aa4f83624d1eaaf5,test,read_scanned,B,2,421,390,{}
models/plume/tests/test_plume.py,source,True,False,22207,461,0114ee5a370fffd0b0ee347e0ce64567a36852165881f245e67bbe0eb1867cc2,test,read_scanned,B,2,687,435,{}
models/source_detection/README.md,documentation,True,False,20652,372,b12167b5a81135fbe0749687e19daef8d5f60e9cfbcf0200434c57d981cc241c,runtime,read_scanned,,0,0,0,{}
models/source_detection/__init__.py,source,True,False,0,0,e3b0c44298fc1c149afbf4c8996fb92427ae41e4649b934ca495991b7852b855,runtime,read_scanned,,0,0,0,{}
models/source_detection/cluster.py,source,True,False,15684,304,df71101831aa1e5c1c0f49772866d17a20bcab097e44cb645c077c4080c51a57,runtime,read_scanned,C,3,238,283,{}
models/source_detection/tests/__init__.py,source,True,False,85,1,e9625f8ad87ff9f827aebee83aa4f054839ac019893e7d08d2b166d000d53070,test,read_scanned,,0,0,0,{}
models/source_detection/tests/test_cluster.py,source,True,False,18088,397,cdf6ecd29f94d278073a025eb8d6dbed137a14f12daad770f3d133afe34e2149,test,read_scanned,B,2,586,373,{}
models/tests/__init__.py,source,True,False,0,0,e3b0c44298fc1c149afbf4c8996fb92427ae41e4649b934ca495991b7852b855,test,read_scanned,,0,0,0,{}
models/tests/test_corridor.py,source,True,False,2653,72,1fb14b723c6ba9775f5f2ef4db34fbee2e5c828e281f8ecf40cad14e592b6c9b,test,read_scanned,B,1,69,60,{}
models/tests/test_rank_sites.py,source,True,False,38510,868,931925dd36be5b76fc5bdb651f9b6cd12a1dd160227f289080f6ed9a70b020d1,test,read_scanned,B,2,1031,833,{}
models/training/README.md,documentation,True,False,14104,235,8074a5751ca2861eebf0c5136dcebd79bb039c147bc3b703c8658af0dd05b75e,development,read_scanned,,0,0,0,{}
models/training/__init__.py,source,True,False,0,0,e3b0c44298fc1c149afbf4c8996fb92427ae41e4649b934ca495991b7852b855,development,read_scanned,,0,0,0,{}
models/training/evaluate.py,source,True,False,6996,118,5a3deab364adaade35c4eb5b89a5cdeeb399e51b5793498b2e97c4e60a8e28d6,development,read_scanned,C,1,141,99,{}
models/training/evaluation_report.json,asset_or_report,True,False,8377,281,42d9f8ed39862427a1d75b7537dd9a07ba7ecbaa07c20274f95a48ac137eac89,development,json_parsed,B,1,0,281,"{""array_entries"": 59, ""coordinate_positions"": 1, ""records_worst_cases"": 5, ""scalar_entries"": 215}"
models/training/features.py,source,True,False,3059,61,9d65064aa4f2e029491f152bf635115dd4b4634bc47c23af044ce4e0c2dfa618,development,read_scanned,C; E,2,79,46,{}
models/training/generate.py,source,True,False,10863,194,4f7de1992995d6b5ed80dfb70c765ec67a67394555469660ed48d9787b582f1d,development,read_scanned,B; C,3,218,171,{}
models/training/inference.py,source,True,False,5588,103,b8d1ac8a12979f32d3c7fd66d9012664172bf9e4a7f03926451ad1fd5ed9ce62,development,read_scanned,C,1,87,91,{}
models/training/notebooks/.gitkeep,asset_or_report,True,False,0,0,e3b0c44298fc1c149afbf4c8996fb92427ae41e4649b934ca495991b7852b855,development,read_scanned,,0,0,0,{}
models/training/predict.py,source,True,False,1369,28,1fef92a62847115684b0199ae0440dd54ecb7258d0a1d76adab376dbaefa09d9,development,read_scanned,C,1,16,18,{}
models/training/tests/test_surrogate.py,source,True,False,15931,340,f9ceac28aa8180499046ca378be644a6383b54249689ab0f0cef9f0436d1e354,test,read_scanned,B,2,472,320,{}
models/training/train.py,source,True,False,5168,97,70084a92887951b349c86c930cd914ab9dff08bc7acebc6c99f83d8c53151bcc,development,read_scanned,C,2,106,82,{}
pipeline/__init__.py,source,True,False,0,0,e3b0c44298fc1c149afbf4c8996fb92427ae41e4649b934ca495991b7852b855,runtime,read_scanned,,0,0,0,{}
pipeline/contracts.py,source,True,False,8195,201,15397e0257e16ce6a31584c21abd1ad5d0365bdd45bf50cb3bd4f3c76c4628e1,runtime,read_scanned,C; D; E,3,196,181,{}
pipeline/steps.py,source,True,False,6375,146,b61a8d9577371bf67b91f84566df6534608678076847113f79752ac0191ca35c,runtime,read_scanned,C; D,4,100,111,{}
pipeline/tests/__init__.py,source,True,False,0,0,e3b0c44298fc1c149afbf4c8996fb92427ae41e4649b934ca495991b7852b855,test,read_scanned,,0,0,0,{}
pipeline/tests/test_contracts.py,source,True,False,1864,60,80484732533b5ae6d8c2d6450bfc813e3b48fea13f8e2bdfde634cbecbf45d54,test,read_scanned,B,2,52,44,{}
pipeline/tests/test_steps.py,source,True,False,6741,163,ab373ae81f4c6858176f0c769aae98bb7e637aaa487a58c348addec9442741a9,test,read_scanned,B; D,4,125,148,{}
requirements.txt,source,True,False,528,32,ae1fc84e385c5daf4ccb5bec94f94e776fc3375aef37dc38e208369728358a8e,runtime,read_scanned,D,2,33,29,{}
scripts/.gitkeep,asset_or_report,True,False,0,0,e3b0c44298fc1c149afbf4c8996fb92427ae41e4649b934ca495991b7852b855,development,read_scanned,,0,0,0,{}
scripts/cost_check.sh,source,True,False,1716,34,b6c3ed85ff61c38054093f0ba93654290c1232694fbb5a7855f16bed859e3018,development,read_scanned,D,2,35,29,{}
scripts/deploy.sh,source,True,False,1571,33,d541f0c29e48199f07618a6612a824b20b64c2d4725f9b5d6b0b9fa50b68d385,development,read_scanned,D,2,8,30,{}
scripts/deploy_web.sh,source,True,False,1573,37,19014feab8f172221f7495214b45e42673b0c644e9fa8e3d30b3480a8c603c0c,development,read_scanned,D,2,30,33,{}
scripts/load_reference.py,source,True,False,1533,46,ef872ebe2cb774930ad873c3174369c8a5535d710fc6207e5c193edcfad80231,development,read_scanned,D,2,24,27,{}
scripts/local_api.py,source,True,False,2288,61,252c167f5cc88bab49ed903f1942d2050052edba53d87df60c57c3f0a7e252bf,development,read_scanned,D,2,39,42,{}
scripts/smoke_test.py,source,True,False,6119,150,ded5e968d422724c8d059771056742f954593f768a7ac2bcdcbe5ad8276445fc,development,read_scanned,D,3,140,125,{}
scripts/stage_lambda_sources.py,source,True,False,3190,75,a4d042c40a5eadcc28b32e3137e74e232f9c04e29907decb270f2fb3d65a3a5a,development,read_scanned,D,2,45,66,{}
scripts/teardown.sh,source,True,False,1191,26,b3ca9827c74ea3dce2718603f61143203743c22060ed966b3923f089bc7c9f69,development,read_scanned,D,1,23,21,{}
scripts/tests/test_lambda_package_size.py,source,True,False,12211,236,8b5132093bd675f8d1dd9416f22b4e847b0f2030534d01422deaa88a02e54d32,test,read_scanned,B,2,248,220,{}
scripts/tests/test_verify_lambda_dependencies.py,source,True,False,9169,194,ae343a2f542988af2bcbb605ccc24de9d6ef83b00de83ca2fe0ed1f34a076310,test,read_scanned,B,3,207,175,{}
scripts/verify_lambda_dependencies.py,source,True,False,28751,511,7d256a2a944d2a50951e51294cfef4e32070c29f0b835cfeb7f01e4f5dbfc1d9,development,read_scanned,D,3,473,482,{}
start.sh,source,True,False,8782,260,dcb011249def3ef55031410d887706fac5679832cae0f6650ea7f01d0d0911b0,development,read_scanned,D,1,101,255,{}
web/.env.example,source,True,False,255,6,236d569ac3b270fcf00d62916a6ca0a664dc58dc3c8e2998985b4d00bd55e1cd,runtime,read_scanned,D,1,0,3,{}
web/.gitignore,source,True,False,365,29,f8b93089549f6d64b3f2b63f6d84d78b058804e6f5d2d3a9df20f3b685cbdcd9,runtime,read_scanned,,0,0,0,{}
web/.oxlintrc.json,source,True,False,253,8,3f46d4038fd69c0011da897b887d747e3d66f0bbda8b523a54891fbd473d67ef,runtime,json_parsed,D,1,12,5,"{""array_entries"": 5, ""scalar_entries"": 7}"
web/FRONTEND_AUDIT.md,documentation,True,False,25132,210,d270c57b555e53c8911d15784df4ab1a5bf58731958035bf5379bd711b350d0e,runtime,read_scanned,,0,0,0,{}
web/MANUAL_COMMIT_PLAN.md,documentation,True,False,16227,438,a44c0445ed326fb7f8baffcc2716b41f34ab8d9857d4c26cdb2652a1dd90220f,runtime,read_scanned,,0,0,0,{}
web/README.md,documentation,True,False,6992,51,1042c32e88986f8b2ef0384782725ed40064028509662649eab21932af851269,runtime,read_scanned,,0,0,0,{}
web/index.html,source,True,False,1299,23,f8c2f9f45d73edce536b9755878a8b29aaee6218c8aab6cf36085cb0b0aae9cf,runtime,read_scanned,D; E,2,26,20,{}
web/package-lock.json,generated_dependency_lock,True,False,92348,2654,94f29e08cc620c08fd8730e705f9543f5999c9a48aba453df9ecc317a9e1ed64,runtime,read_scanned,,0,0,0,{}
web/package.json,source,True,False,1030,38,23fdf27fcd0e68fdc0337b5b1e982a05d85df2b35d642a7b63d92aae49fe5891,runtime,json_parsed,D,2,62,34,"{""scalar_entries"": 30}"
web/playwright.config.ts,source,True,False,1126,32,daaca57bef698cc3ce55d2271edd9ea10d01446d43d237326ff3df96ca1377ef,development,read_scanned,D,2,29,25,{}
web/public/.gitkeep,asset_or_report,True,False,0,0,e3b0c44298fc1c149afbf4c8996fb92427ae41e4649b934ca495991b7852b855,runtime,read_scanned,,0,0,0,{}
web/public/data/actions.json,asset_or_report,True,False,4382,88,66768a4d5abb98c325016e3e39d6e99dc8dd85a7fd1e38d862f0b96bb7457695,runtime,json_parsed,,0,0,0,"{""array_entries"": 11, ""records_actions"": 8, ""records_authority_actions"": 3, ""scalar_entries"": 60}"
web/public/data/aqi.json,asset_or_report,True,False,17956,725,d94e8234ce56fec586fb09fba364732174a8649d4fbac314b3776dae0962b09c,runtime,json_parsed,A,1,0,725,"{""array_entries"": 60, ""coordinate_positions"": 60, ""records_stations"": 60, ""scalar_entries"": 601}"
web/public/data/corridor.geojson,asset_or_report,True,False,86677,4518,32f81bc4e31b03fdc2ea9282bc447da410b80c2d1a6a245d7767b60b10fbd603,runtime,json_parsed,,0,0,0,"{""array_entries"": 2890, ""coordinate_positions"": 850, ""records_features"": 50, ""scalar_entries"": 2314}"
web/public/data/india-boundary.geojson,asset_or_report,True,False,157627,9318,0cbd04d50e1b3d27cb12d576388568ec9eb8a8789683ba3158d29bf13218b366,runtime,json_parsed,,0,0,0,"{""array_entries"": 6979, ""coordinate_positions"": 2326, ""records_features"": 1, ""scalar_entries"": 4655}"
web/public/data/ranked_sites.json,asset_or_report,True,False,144182,5784,41e2cd70e9bacc7c8be8458b5d898e177e06e20ae6ace2f57674e742d15495f3,runtime,json_parsed,,0,0,0,"{""array_entries"": 444, ""coordinate_positions"": 444, ""records_sites"": 444, ""scalar_entries"": 4890}"
web/public/data/sources.json,asset_or_report,True,False,3571,135,900b5925955635660d90295b2324083fc52a23a3596aaab9450f518a7221135a,runtime,json_parsed,,0,0,0,"{""array_entries"": 10, ""coordinate_positions"": 10, ""records_sources"": 10, ""scalar_entries"": 111}"
web/public/data/wind.json,asset_or_report,True,False,3202964,125976,b9bba4ad4e5d2bdd8fa4f6b8b77a267951fa9697a9db87545c0df3a741f6ca09,runtime,json_parsed,,0,0,0,"{""array_entries"": 15827, ""coordinate_positions"": 323, ""records_points"": 323, ""records_wind_hours"": 15504, ""scalar_entries"": 93672}"
web/public/favicon.svg,asset_or_report,True,False,9522,1,61bc9a161de58248288e6905425d7180f0624c2865007b97d763fdac12043a66,runtime,read_scanned,E,1,0,1,{}
web/public/icons.svg,asset_or_report,True,False,5055,24,7ca2d67c9c3aebf50cdc8709ee8aacf8cdb8cc7ea6325ea94939caef5da1c53d,runtime,read_scanned,E,1,0,24,{}
web/src/App.css,source,True,False,4860,237,a5f4d8ad36af9ce10a87a1be9dbd75d8e20123c6372d0bf6be04c0ddb60021df,runtime,read_scanned,E,1,113,237,{}
web/src/App.tsx,source,True,False,7333,170,2467a5fe1fa8850fa2c74bdf388c4f328add13c5507e0cca05dad3b81ca6d6e9,runtime,read_scanned,E,1,126,146,{}
web/src/__tests__/dataApi.test.ts,source,True,False,7801,132,c2dd3cf614357058e343e78d5976426c13257c20758b5442900fa39e3578dd8b,test,read_scanned,B,1,134,130,{}
web/src/__tests__/dataContext.test.tsx,source,True,False,8561,158,9d63db920f9c878a18d679d34387fcc3fb47b2fc0280d14cbac1b060a3307b3f,test,read_scanned,B,1,125,151,{}
web/src/__tests__/dataSchemas.test.ts,source,True,False,4128,60,e8abffec086e084ddcd2685fec986ee83194c6190da9531fb5832cca636d2612,test,read_scanned,B,1,114,52,{}
web/src/__tests__/uiRegression.test.tsx,source,True,False,19270,323,def726037e20fbd39956463f10e61c5c4ca6cc96e66e1973ac2d3530366bd630,test,read_scanned,B,2,292,299,{}
web/src/api/.gitkeep,asset_or_report,True,False,0,0,e3b0c44298fc1c149afbf4c8996fb92427ae41e4649b934ca495991b7852b855,runtime,read_scanned,,0,0,0,{}
web/src/assets/hero.png,asset_or_report,True,False,13057,0,881ffbcaafc212e49addad08846a5b82761355fa20624253af3477ba33262c5c,runtime,binary_metadata_only,,0,0,0,{}
web/src/assets/react.svg,asset_or_report,True,False,4126,1,35ef61ed53b323ae94a16a8ec659b3d0af3880698791133f23b084085ab1c2e5,runtime,read_scanned,E,1,0,1,{}
web/src/assets/vite.svg,asset_or_report,True,False,8710,1,2f1f6c6f90a0ef7422cbb4cfafcd8ad329c507a18afdc34cc21fa72179b9c54a,runtime,read_scanned,,0,0,0,{}
web/src/components/.gitkeep,asset_or_report,True,False,0,0,e3b0c44298fc1c149afbf4c8996fb92427ae41e4649b934ca495991b7852b855,runtime,read_scanned,,0,0,0,{}
web/src/components/ErrorBoundary.test.tsx,source,True,False,929,16,eebb031454a30f8725ae008137bf7e53494ea8f9821cdf0b1b218db3a8c02110,test,read_scanned,B,1,13,12,{}
web/src/components/ErrorBoundary.tsx,source,True,False,598,9,44345e597f7dc50a67b08ab452628fc5d7d54816f424ec0338a836e3f551fa9b,runtime,read_scanned,E,1,9,4,{}
web/src/components/agent/ActionsModal.css,source,True,False,5901,322,c43d07b047bdd7377b7a9caeeddf3ba7146bfec951a2adfe0f4dec0b780a1fea,runtime,read_scanned,E,1,177,322,{}
web/src/components/agent/ActionsModal.tsx,source,True,False,9640,204,a0e363ce620617a31dd5c4f9e2b1caa8ac8b2872f25f8f12cb890e8c5a8e80cf,runtime,read_scanned,E,1,127,188,{}
web/src/components/agent/AgentWidget.css,source,True,False,4594,256,82cc37f6d0c32079c15fe7fc7a65a335dcf1472141966825f48c0b4dbf195fa3,runtime,read_scanned,E,1,103,256,{}
web/src/components/agent/AgentWidget.tsx,source,True,False,5366,125,553ccd4604cfc131e96c17801d2dde125ca738db8807a4edd71b4d49dd19c59a,runtime,read_scanned,E,1,100,115,{}
web/src/components/agent/actionChecklist.ts,source,True,False,2909,66,aa3adb3f6c36e369d829c4408461042ab42dd51a8997fb8a7eefc00ecefb801b,runtime,read_scanned,D,2,19,48,{}
web/src/components/analytics/AqiForecast12h.css,source,True,False,743,38,b7eace91a265a35e1ed918eec5a3243df03632c8dfe9bb28a972c622a5f45246,runtime,read_scanned,E,1,17,38,{}
web/src/components/analytics/AqiForecast12h.tsx,source,True,False,766,15,26e39957bf9c441dd3fe8d17aedc28b7d7af2d2127049713bdea03e311b47d9c,runtime,read_scanned,E,2,14,5,{}
web/src/components/analytics/RecommendedActions.css,source,True,False,7136,367,744e02a4aeed6e017743153f2eeef4bf8bf54a3ab855e1d9e3b3a34db619f362,runtime,read_scanned,E,1,146,367,{}
web/src/components/analytics/RecommendedActions.tsx,source,True,False,11357,255,39dd56444fcda32daac86bbdb5b3151743cbc87e2e68951881f648db7ccf1983,runtime,read_scanned,E,2,126,240,{}
web/src/components/analytics/SourceBreakdown.css,source,True,False,1673,95,0293272d4e43e54668635f40fcddc895ca5857dcb5092be8422d727255ab4a78,runtime,read_scanned,E,1,39,95,{}
web/src/components/analytics/SourceBreakdown.tsx,source,True,False,8345,235,909a9be1214a11c0f303e207531ac21cfc109176aa83af7c3cb064ae503ca7c9,runtime,read_scanned,E,2,136,203,{}
web/src/components/analytics/WhatIfWeAct.css,source,True,False,2345,135,02d928567bee22f81243d2783b7ebf8140b816ac6b6a4a0e585c91902a55e711,runtime,read_scanned,E,1,60,135,{}
web/src/components/analytics/WhatIfWeAct.tsx,source,True,False,3899,94,f420f100b9fc7fdc96144ea54044934b64ac32bd59144109eebd502210011cb3,runtime,read_scanned,C; E,2,66,78,{}
web/src/components/kpi/AqiKpiCard.tsx,source,True,False,3931,90,ecc65d5e4c0f835cb7c87f7432b9e60b0ad9bf3940d91e71662a42b129a88cb8,runtime,read_scanned,C; E,3,80,70,{}
web/src/components/kpi/MetricGrid.css,source,True,False,2121,109,641791f44e5be3c33de27a920485f0653cb07d9ea43b50be7fc5dfd0cb609a40,runtime,read_scanned,E,1,58,109,{}
web/src/components/kpi/MetricGrid.tsx,source,True,False,9113,212,7946b1c59f40a1558103aea780988ca43c31d15a04397807b2e72f7f4e249cca,runtime,read_scanned,C; E,2,171,195,{}
web/src/components/layout/Header.css,source,True,False,8863,399,d7d1e5626830842a358dbfaeef0f33a004e2c24a82c88afb31c12b184c5d69e9,runtime,read_scanned,E,1,225,399,{}
web/src/components/layout/Header.tsx,source,True,False,8517,135,f88b21f94c812482a63e5c7d81fe7da5f974fe52db78a097b9da3387b3048799,runtime,read_scanned,D; E,3,182,119,{}
web/src/components/layout/Sidebar.css,source,True,False,10377,476,4e01aaa39a37d71b207f1b94fb484ac310a375c7b579698ba7b88a7e39b2f014,runtime,read_scanned,E,1,239,476,{}
web/src/components/layout/Sidebar.tsx,source,True,False,7583,229,2180c7c672a05e0c87c9d9ded6e41a222beeee074e468eaabf066db04bedbff1,runtime,read_scanned,E,2,123,202,{}
web/src/components/map/HeatmapControls.css,source,True,False,1349,15,ac126daa47c217cbeeb19b6637340e7b12a49e32129a57cc02619732cff819ec,runtime,read_scanned,E,1,31,15,{}
web/src/components/map/HeatmapControls.tsx,source,True,False,3769,45,822e1673c1fdb54722bed36ee89948451b81e640e855b213a3a11fa198b82793,runtime,read_scanned,E,1,56,27,{}
web/src/components/map/MapContainer.css,source,True,False,18450,871,a7a2174b7ce4a2a57d290e30497206f13a7a5542a593428489996ed98a9f64ca,runtime,read_scanned,E,1,641,871,{}
web/src/components/map/MapContainer.tsx,source,True,False,20637,487,8b179e223d7d4bacaaa2f06e59ec967349ba8aaaac0b4fe92e7c4d5cef164c15,runtime,read_scanned,D; E,3,273,463,{}
web/src/components/map/MapExplorerView.css,source,True,False,26409,1206,16456914ea17f663195a650c1a5ffbdb977806ef0c8ff1571733dcd9246950d1,runtime,read_scanned,E,1,777,1206,{}
web/src/components/map/MapExplorerView.test.tsx,source,True,False,3579,74,1a09890ada76c1d1a62b544d1ed9a8c4e05779111adf96717aee38e3d225b4c7,test,read_scanned,B,1,55,66,{}
web/src/components/map/MapExplorerView.tsx,source,True,False,42701,942,e56fdc12974e39889f3472f485fc341976a7c1811e274e33bf56b853760c7b43,runtime,read_scanned,C; D; E,7,613,911,{}
web/src/components/map/PlumeHudCard.css,source,True,False,998,59,ea7c67529638d59f4eb38f9cc60735cc726dc73cdd1a08a89f4adfc54304c200,runtime,read_scanned,E,1,40,59,{}
web/src/components/map/PlumeHudCard.tsx,source,True,False,579,7,6f19bdfb0275fff99af6202b6652903390893eaa15af1b2c3d5932f9fd97e6a0,runtime,read_scanned,E,1,10,1,{}
web/src/components/map/SvgFallbackMap.tsx,source,True,False,4841,65,f41016c34b2fbf47c66adafc52d41c8599d76798eb74ffa3f65f698e27f1bbbd,runtime,read_scanned,E,1,110,56,{}
web/src/components/map/TimeControls.css,source,True,False,1489,70,114f41680272b08bcd0777db894c3032decc486655d2baf97214e998d98522da,runtime,read_scanned,E,1,32,70,{}
web/src/components/map/TimeControls.tsx,source,True,False,2433,64,fc96f76aae39f859e17c02aa676c2b56b2f50a7a525ede74b6d9a90ccaeed529,runtime,read_scanned,D; E,2,38,50,{}
web/src/components/map/heatmap.test.tsx,source,True,False,8469,127,38996fc55bf56d0fd5978ff2bd26e06161fd259425c8d9ccdd5fc39ec3e16171,test,read_scanned,B,1,197,117,{}
web/src/components/map/heatmap.ts,source,True,False,5543,129,ac3e65591d33044d4bb70ab228a1f92839f95e6bbd558265a24601338cb4e4a9,runtime,read_scanned,D; E,5,81,117,{}
web/src/components/map/html.ts,source,True,False,189,3,42358505fee41695b658316ffbed52e798e30d56fde5cfbe73fcd267dd7778f7,runtime,read_scanned,E,1,10,3,{}
web/src/components/map/mapData.ts,source,True,False,1021,17,f23d60e2452df9e0059f0ca5c77b0816533b76dc4bf73e83c6746d30898e7c48,runtime,read_scanned,D; E,2,15,10,{}
web/src/components/map/mapStyles.ts,source,True,False,6985,255,13876a72c981c93963597cba18036b176d139bfd372c3e501f3df014fab7df58,runtime,read_scanned,A; D,5,179,240,{}
web/src/components/map/thermalMarker.test.ts,source,True,False,1853,30,f15d1775ef99dc388122cfd5ae63daaa459d0dedba1eff76f6ff5624ee3512ac,test,read_scanned,B,1,31,26,{}
web/src/components/map/thermalMarker.ts,source,True,False,6725,152,8ca16ac4f24b2e72534c4d518eb0785d20e91ed6734d2273633fcfa614632964,runtime,read_scanned,D; E,2,71,134,{}
web/src/components/map/useObservationHeatmap.test.tsx,source,True,False,2782,54,88b22d9b7131e0aa6c35827e59a732d92e4ed3c410d11b327706a24291ad083a,test,read_scanned,B,1,49,48,{}
web/src/components/map/useObservationHeatmap.ts,source,True,False,1935,43,57f81a56935579f9ae900d00e9b40e63bc880530bcdd3d70f8728210f6fdae56,runtime,read_scanned,D,2,22,35,{}
web/src/components/map/useScientificLayers.test.tsx,source,True,False,6196,90,b24fa1ec794be2828b3760476bde57d5df8dc444aab708ace61f5f1889f9b70e,test,read_scanned,B,1,92,81,{}
web/src/components/map/useScientificLayers.ts,source,True,False,3339,55,7db8515edd0f798dbad6e359ada275013ef515ea6110e4b28bb41dbcd87d7e65,runtime,read_scanned,D; E,2,70,44,{}
web/src/components/sites/TopAffectedAreas.css,source,True,False,2787,149,ff7d13b00245e1411f42b292980e0b5bb3c0b6aa63d7115d51b10f2771cbd9b5,runtime,read_scanned,E,1,58,149,{}
web/src/components/sites/TopAffectedAreas.tsx,source,True,False,4582,109,19046f9bf044c5cb3fa5c58d47bb298f50e739892f749f4d5acd639c7adb41cb,runtime,read_scanned,D; E,2,87,94,{}
web/src/components/status/StaleBanner.css,source,True,False,202,10,8c61058068339b8028e6b058c5e1db7e027e0a2a69520caae845e8f4ec2bfd09,runtime,read_scanned,E,1,10,10,{}
web/src/components/status/StaleBanner.tsx,source,True,False,1187,29,a3be03a10b72a9a7f4d1c211ad518cfd81ec1a7dbae90c759b8d2063e05c7b1a,runtime,read_scanned,E,1,26,22,{}
web/src/components/status/useClock.ts,source,True,False,366,11,c4199909a737389ed58286acb0dd37ec539e21da6404f87f7d59513d262f4833,runtime,read_scanned,D,1,1,5,{}
web/src/components/views/ActionsWorkbenchView.css,source,True,False,7424,394,a6b163c3fe5179f38e7f29895a3185111e1d247a189b3e81da418992afb058f7,runtime,read_scanned,E,1,197,394,{}
web/src/components/views/ActionsWorkbenchView.tsx,source,True,False,6149,79,3d1871eb2d0d060a766303012e3a073c07c5523b10d11563b6e132124408277e,runtime,read_scanned,E,1,118,63,{}
web/src/components/views/AnalyticsView.css,source,True,False,7605,412,40e1c53ba0cbd6ce84056d508ad71a9a919b42ec12dbfab7393e7d56b8aa68a7,runtime,read_scanned,E,1,225,412,{}
web/src/components/views/AnalyticsView.tsx,source,True,False,15655,369,4e980c229ff10e9c56e53e2a27b02dc74d4e883297bfc05ce0974420abb8f4ad,runtime,read_scanned,E,3,278,343,{}
web/src/components/views/FireSourcesView.css,source,True,False,8116,446,86fff6a66c5a11156cf10714e679e5a163b744fc95aaa11add058aa5dcbf380b,runtime,read_scanned,E,1,236,446,{}
web/src/components/views/FireSourcesView.tsx,source,True,False,14699,350,a8399d01cf9bff76d0066eab4ed6e11435637bcf533348d1c9efff1f541ed285,runtime,read_scanned,C; D; E,4,243,328,{}
web/src/components/views/PopulationRiskView.css,source,True,False,5418,269,d6cb4d41e60a3b640c10b1dfd5b34a8101e06db5cb30bb3a317eb58cf69eb2f7,runtime,read_scanned,E,1,172,269,{}
web/src/components/views/PopulationRiskView.tsx,source,True,False,11971,280,edadfe24fb13adf6b3154fc52b759f5b82b503c3fa1e5e9c8f7b40c8e37e697a,runtime,read_scanned,D; E,2,209,259,{}
web/src/components/views/SettingsView.css,source,True,False,6600,355,01edceafe5aa9c093afd4a83da4b93bfc83ab138da4680ab0f9a719f1a0d880b,runtime,read_scanned,E,1,201,355,{}
web/src/components/views/SettingsView.tsx,source,True,False,5797,44,2238970f5e7ef8e841d32fdfc0959fdfcf8112649efac081b4c16b071a94023a,runtime,read_scanned,E,2,100,29,{}
web/src/components/views/WindWeatherView.css,source,True,False,7287,367,60193b9bdf900e33c84d160ae698704531db21db1ca6d15fd22ad6e2690403da,runtime,read_scanned,E,1,217,367,{}
web/src/components/views/WindWeatherView.tsx,source,True,False,8894,85,d14f28257cff74a589bc88cf0634f8f4f73b9a715f5408570d7293aff624e0a9,runtime,read_scanned,D; E,3,271,71,{}
web/src/components/views/csv.ts,source,True,False,930,22,d33555169ff73f6a617c72b84c4b113f644b0b3a2ccde4bf5760b06788824ba8,runtime,read_scanned,D; E,2,11,18,{}
web/src/index.css,source,True,False,10200,349,a2140280ae5681b0f4c0830017547e396ebf0c8e23860d61eb1b1040d976771f,runtime,read_scanned,E,1,224,349,{}
web/src/layers/.gitkeep,asset_or_report,True,False,0,0,e3b0c44298fc1c149afbf4c8996fb92427ae41e4649b934ca495991b7852b855,runtime,read_scanned,,0,0,0,{}
web/src/main.tsx,source,True,False,345,13,55a4f56573dffd69ea02bf2cd823f221c0ec1398bfe981a69526b3b7612d6837,runtime,read_scanned,E,1,1,1,{}
web/src/services/api.ts,source,True,False,6374,145,d2603838b7b43683a23a727276c6bb7daccbcc30f85dadd4457f05f750aa2012,runtime,read_scanned,D,5,68,120,{}
web/src/services/dataContext.tsx,source,True,False,13523,321,757dfebf4d9d693706422e9986a73fce24c1e7723fe742b6ab2c17c4eabbaae3,runtime,read_scanned,C; D; E,4,134,306,{}
web/src/testSetup.ts,source,True,False,112,4,c312508689c93ea30fdb90b6e2bee867576bbc55f1161e44d6b92bed36d8a713,test,read_scanned,,0,0,0,{}
web/src/types/schemas.ts,source,True,False,7369,211,f98499c6d16cb878bb4555647641503c11a76fa966b39f8241f10cb3226267df,runtime,read_scanned,C; D; E,3,66,190,{}
web/tests/browser/dashboard.spec.ts,source,True,False,24128,407,0c1f843dc5af155e35403772b7cc5bfd3cde88734e89774c3106cac582c42fcf,test,read_scanned,B,2,387,400,{}
web/tsconfig.app.json,source,True,False,816,34,4e7aca2ecced9c05db3af0473689704c31d6cde542fe9c0aa3964df34c0a83f3,runtime,json_parse_failed,D,1,36,31,{}
web/tsconfig.browser.json,source,True,False,296,13,a11d68f16038285938bed45a58c3a04e7e8e6952b8f48592da5214d59bb353a9,runtime,json_parsed,D,1,18,11,"{""array_entries"": 5, ""scalar_entries"": 11}"
web/tsconfig.json,source,True,False,126,7,ad28d132ee48d6e23917cf5827cace785d0fc01a44ca68b0dda51cc8c3fd3f52,runtime,json_parsed,D,1,6,4,"{""array_entries"": 2, ""scalar_entries"": 2}"
web/tsconfig.node.json,source,True,False,581,23,a9e6c7f6fd3ec455a6fe1d4fbb83091e774b62fe116008ab6d8c5e1e88af4629,runtime,json_parse_failed,D,1,23,21,{}
web/vite.config.ts,source,True,False,473,19,349d455685b29f41c75dc8df285dd91506503117df2a3de2c62b6e37767f622d,runtime,read_scanned,D,1,5,12,{}
web/vitest.config.ts,source,True,False,272,6,382a7abb3f72a314fa16d4f5c845d72a3e25fe2dc403d8489b8dd48a894748cf,development,read_scanned,D,1,3,3,{}
.venv/task4-surrogate/dataset.json,generated_offline_ml_artifact,False,True,6397544,215656,234f0930667e15434ab2ca71d2ac0e6a5043b38851193978608591f5817a7855,development,json_metadata_read,B,1,0,1,{}
.venv/task4-surrogate/model/metadata.json,generated_offline_ml_artifact,False,True,90706,1378,c2e24cd8a6b3d511fc227c7fce9912fcb9cde9f7e33222e6eaca44d8107493ec,development,json_metadata_read,A,1,0,1,{}
.venv/task4-surrogate/model/model.pkl,generated_offline_ml_artifact,False,True,792417,0,caf81beb49f7759b172ec68070e13089e8e66e4df416a1c1fec59ef32f7cd499,development,opaque_pickle_not_loaded,D,1,0,1,{}
