finding_id,work_bucket,documented_contributors,documented_work_area,evidence_documents,mapping_confidence,mapping_reason,presence_scope,original_git_author_metadata,original_git_introduction_commit,original_git_attribution_basis,original_git_identity_verified,category,severity,status,file,line,endline,value_description,reachability,provenance,evidence,modified_commit,modified_author,subsequent_remediation,recommendation,review_basis,literal_occurrences_count,unmeasured_count_fields,constants_count,records_count,coordinates_count,endpoints_count,thresholds_count,mock_responses_count,synthetic_datasets_count,static_outputs_count
BE08,Shared,Aditya; Pritam,Model-to-Lambda corridor and replay integration,docs/audit/aditya-work-done.md:44; docs/members/aditya-aws.md:49-54; docs/members/pritam-models.md:54-70; models/README.md:224-239,High,Aditya documents the pipeline wrapper; Pritam documents corridor horizons and a pipeline regression. Keep the original mixed integration group once; other pipeline findings are not automatically shared.,current audit group; retain original reachability/status,Pritam Singh,19db97d872cfd308a40163287625c1f64a694678,Git -S forecast_hours then git show2c109c2 and19db97d verified24->48 change. Metadata only.,False,C,Informational,intentional,pipeline/steps.py,83,91,"Default 48-hour physics corridor horizon; event overrides hours,start,plume_params.",runtime,"Documented simulation horizon, replacing original24hours; not an observed/calibrated prediction.",corridor_handler->predict_corridor. Wind coverage validated; failed old-capture forecast preserves previous result. Optional ML not called.,,,,Document default; distinguish current forecast from replay and verify wind coverage.,manual,11,mock_responses_count,1,0,0,0,0,0,0,0
PK06,Shared,Aditya; Pritam; Meenal; Saba,Shared Python dependencies and Lambda packaging handoffs,docs/members/aditya-aws.md:43-54; docs/members/pritam-models.md:90-103; docs/members/meenal-data-exposure.md:105-109; docs/members/saba-agent-ui.md:97-102,Medium,"The briefs explicitly require model, ingestion and agent dependency handoffs, with AWS packaging assigned to Aditya. This original manifest group is not split into new findings or assigned by Git author.",current audit group; retain original reachability/status,Aditya; MeenalSinha; Pritam Singh,55c869f796c7857749bed32668d7da070a5d10b1;63212253021ec1c77fd79fe66c2b54b19161d6cd;9082eff76779822c23915a202cbb28d9df9c71f2;83c048b0ab3264bfdc886c51af7e93ad8207953b,"Git -S representative dependency declarations and scoped histories; group deliberately spans multiple actual introductions, not solely last toucher.",False,D,Medium,risk,requirements.txt,5,32,Sixteen minimum-version root declarations;10 Lambda minimum-version entries across 3 manifests; no resolved lock/hashes.,development,Root initial55c869f; source dependency6321225; packaging dependencies9082eff; agent lower-bound updates83c048b/9082eff.,Pip installs compatible current closure; native scientific wheel resolution/package size may change over time.,,,,Record resolved closure; review reproducible constraints without arbitrary scientific version changes.,manual,32,mock_responses_count,26,0,0,0,0,0,0,0
CI02,Unassigned,,"General CI scheduling, action versions or Windows runner diagnosis",docs/work-split.md:9-16; docs/members/aditya-aws.md:77-87; docs/members/pritam-models.md:90-103,Unassigned,The briefs assign application/model tests and AWS deployment but do not name general GitHub workflow administration or Windows diagnostic ownership. Author metadata does not fill that gap.,current audit group; retain original reachability/status,Pritam Singh,6fa4ad54868b02923b4a76216135c546b9e0a3ed,"Actual introduction checked with local git log --all --reverse -S against declaration; Git author metadata only, identity not independently verified.",False,D,Informational,intentional,.github/workflows/python312.yml,17,58,"Two 20 minute deadlines,twoPython 3.12 setup values;fiveaction major-version references.",development,"CI tooling/timeouts, not operational measurements.","checkoutv7twice,setup-pythonv7twice,setup-samv2once; contentsread permissions.",,,,Leave documented CI settings; verify action availability/revisions separately.,manual,6,mock_responses_count,9,0,0,0,0,0,0,0
CI03,Unassigned,,"General CI scheduling, action versions or Windows runner diagnosis",docs/work-split.md:9-16; docs/members/aditya-aws.md:77-87; docs/members/pritam-models.md:90-103,Unassigned,The briefs assign application/model tests and AWS deployment but do not name general GitHub workflow administration or Windows diagnostic ownership. Author metadata does not fill that gap.,current audit group; retain original reachability/status,Pritam Singh,27a8a9688d08e5cfa9bc4e9de8900ac0a2134729,"Actual introduction checked with local git log --all --reverse -S against declaration; Git author metadata only, identity not independently verified.",False,D,Informational,intentional,.github/workflows/self-hosted-windows-diagnostic.yml,11,32,"Manual diagnostic gated to repository,originalbranch,WindowsX 64,customlabel;5 min timeout,fixedsuccess message.",development,"Temporary scheduling probe, not application/nativeLinuxARM64 success.",No checkout/import/download/secrets; actual runner env andpython version checked first.,,,,Keep manual restriction while needed; separately authorize cleanup.,manual,12,mock_responses_count,8,0,0,0,0,0,0,1
TS04,Shared,Aditya; Pritam,Model-to-Lambda corridor and replay integration,docs/audit/aditya-work-done.md:44; docs/members/aditya-aws.md:49-54; docs/members/pritam-models.md:54-70; models/README.md:224-239,High,Aditya documents the pipeline wrapper; Pritam documents corridor horizons and a pipeline regression. Keep the original mixed integration group once; other pipeline findings are not automatically shared.,current audit group; retain original reachability/status,Pritam Singh,19db97d872cfd308a40163287625c1f64a694678,"Actual introduction checked with local git log --all --reverse -S against declaration; Git author metadata only, identity not independently verified.",False,D,Informational,intentional,pipeline/tests/test_steps.py,37,41,"Replay horizon 2 hours from real latest fire acquisition time,plus five local key mappings.",test,"Real-data replay configuration, not future/current forecast.",_covered_forecast_event explicitly fits stored real wind coverage; original capturedfiles not altered.,,,,Keep replay labeled and separate from operational forecast proof.,manual,6,mock_responses_count,6,0,0,0,0,0,0,0
TS06,Shared,Aditya; Pritam,Model-to-Lambda corridor and replay integration,docs/audit/aditya-work-done.md:44; docs/members/aditya-aws.md:49-54; docs/members/pritam-models.md:54-70; models/README.md:224-239,High,Aditya documents the pipeline wrapper; Pritam documents corridor horizons and a pipeline regression. Keep the original mixed integration group once; other pipeline findings are not automatically shared.,current audit group; retain original reachability/status,Aditya; Pritam Singh,a8b4a1762e48a347ea55b905fb00e5e3c4bcdb0e;ee7932eb81ba7a5f5fc7a93a864c3f67f366280a,Git -S bad-parameter artifact and return300_000 prove distinct introductionsa8b4a17/ee7932e.,False,B,Informational,intentional,pipeline/tests/test_steps.py,117,162,Invalid calibrated-parameter JSON status and canned 300000 ms Lambda remaining-time response.,test,"Test-only parameter/time fixtures, not calibration or model predictions.",Temporary artifact triggers strict failure; context stub tests30second reserve; forbiddenMLloader asserts physics independence.,,,,Keep negative fixtures test-only.,manual,21,mock_responses_count,2,0,0,0,0,0,0,1
SCI-059,Unassigned,,Canonical geographic-boundary reference and provenance,docs/members/meenal-data-exposure.md:7-31; docs/members/meenal-data-exposure.md:44-51; docs/members/saba-agent-ui.md:59-81; docs/data-contracts.md:14-64,Unassigned,The named fetcher outputs exclude the boundary. Map presentation does not explicitly assign acquisition/licensing of this canonical reference. Original Git attribution is retained separately.,current audit group; retain original reachability/status,Saba Saeed,3f238facb3b56a3a0a129946a718a4fdc33adc29,git log --all --reverse --diff-filter=A;initialcommitmessageclaimonly;currentparsedpayloadfirstseen66b31478,False,A,Medium,risk,data/live/india-boundary.geojson,1,9318,"A LineString boundary has 2,326 coordinate pairs but no in-file provenance or license",runtime,Unknownactualgeographicdatasource;politicalboundaryrepresentationcanbedisputed;frontendauditremovedunsupportedauthorityclaims,"Fileonlytype/features;noattribution/source/date/CRSmetadata. IntroductioncommitclaimsSurveyofIndia sovereignty,butclaimisnotindependentdata-provenanceevidence",66b31478e778732430c75b8d0857ada74bd38f45,,,Storeasversionedprovenance-trackedreference andreviewauthoritativeorigin/license beforedistribution,manual,0,,0,1,2326,0,0,0,0,0
RES-001,Shared,Aditya; Meenal; Saba,Shared environment-example contract,docs/members/aditya-aws.md:71-75; docs/members/meenal-data-exposure.md:39; docs/members/saba-agent-ui.md:29-32,Medium,These briefs explicitly assign environment-example maintenance. The original residual group stays shared at documented file-contract scope; this does not establish who introduced its one literal.,current audit group; retain original reachability/status,Unknown/unattributed,,,False,D,Informational,intentional,.env.example,28,28,"Residual literal group: schema keys, messages, structural/default/test values outside specifically reviewed declaration spans; not a claim that each token is scientific data.",runtime,"Repository source; automated residual grouping, semantic coverage limited.",LITERAL_OCCURRENCES.csv lists each position; assigned only after reviewed spans are removed.,,,,Leave routine source literals; review individual positions before interpreting as operational data.,automated_residual,1,,0,0,0,0,0,0,0,0
RES-002,Unassigned,,"General CI scheduling, action versions or Windows runner diagnosis",docs/work-split.md:9-16; docs/members/aditya-aws.md:77-87; docs/members/pritam-models.md:90-103,Unassigned,The briefs assign application/model tests and AWS deployment but do not name general GitHub workflow administration or Windows diagnostic ownership. Author metadata does not fill that gap.,current audit group; retain original reachability/status,Unknown/unattributed,,,False,D,Informational,intentional,.github/workflows/python312.yml,1,7,"Residual literal group: schema keys, messages, structural/default/test values outside specifically reviewed declaration spans; not a claim that each token is scientific data.",runtime,"Repository source; automated residual grouping, semantic coverage limited.",LITERAL_OCCURRENCES.csv lists each position; assigned only after reviewed spans are removed.,,,,Leave routine source literals; review individual positions before interpreting as operational data.,automated_residual,3,,0,0,0,0,0,0,0,0
RES-003,Unassigned,,"General CI scheduling, action versions or Windows runner diagnosis",docs/work-split.md:9-16; docs/members/aditya-aws.md:77-87; docs/members/pritam-models.md:90-103,Unassigned,The briefs assign application/model tests and AWS deployment but do not name general GitHub workflow administration or Windows diagnostic ownership. Author metadata does not fill that gap.,current audit group; retain original reachability/status,Unknown/unattributed,,,False,D,Informational,intentional,.github/workflows/self-hosted-windows-diagnostic.yml,4,4,"Residual literal group: schema keys, messages, structural/default/test values outside specifically reviewed declaration spans; not a claim that each token is scientific data.",runtime,"Repository source; automated residual grouping, semantic coverage limited.",LITERAL_OCCURRENCES.csv lists each position; assigned only after reviewed spans are removed.,,,,Leave routine source literals; review individual positions before interpreting as operational data.,automated_residual,1,,0,0,0,0,0,0,0,0
RES-062,Shared,Aditya; Pritam,Model-to-Lambda corridor and replay integration,docs/audit/aditya-work-done.md:44; docs/members/aditya-aws.md:49-54; docs/members/pritam-models.md:54-70; models/README.md:224-239,Medium,Aditya documents the pipeline wrapper; Pritam documents corridor horizons and a pipeline regression. Keep the original mixed integration group once; other pipeline findings are not automatically shared.,current audit group; retain original reachability/status,Unknown/unattributed,,,False,D,Informational,intentional,pipeline/steps.py,43,146,"Residual literal group: schema keys, messages, structural/default/test values outside specifically reviewed declaration spans; not a claim that each token is scientific data.",runtime,"Repository source; automated residual grouping, semantic coverage limited.",LITERAL_OCCURRENCES.csv lists each position; assigned only after reviewed spans are removed.,,,,Leave routine source literals; review individual positions before interpreting as operational data.,automated_residual,67,,0,0,0,0,0,0,0,0
RES-064,Shared,Aditya; Pritam,Model-to-Lambda corridor and replay integration,docs/audit/aditya-work-done.md:44; docs/members/aditya-aws.md:49-54; docs/members/pritam-models.md:54-70; models/README.md:224-239,Medium,Aditya documents the pipeline wrapper; Pritam documents corridor horizons and a pipeline regression. Keep the original mixed integration group once; other pipeline findings are not automatically shared.,current audit group; retain original reachability/status,Unknown/unattributed,,,False,B,Informational,intentional,pipeline/tests/test_steps.py,16,163,"Residual literal group: schema keys, messages, structural/default/test values outside specifically reviewed declaration spans; not a claim that each token is scientific data.",test,"Repository source; automated residual grouping, semantic coverage limited.",LITERAL_OCCURRENCES.csv lists each position; assigned only after reviewed spans are removed.,,,,Leave routine source literals; review individual positions before interpreting as operational data.,automated_residual,82,,0,0,0,0,0,0,0,0
RES-065,Shared,Aditya; Pritam; Meenal; Saba,Shared Python dependencies and Lambda packaging handoffs,docs/members/aditya-aws.md:43-54; docs/members/pritam-models.md:90-103; docs/members/meenal-data-exposure.md:105-109; docs/members/saba-agent-ui.md:97-102,Medium,"The briefs explicitly require model, ingestion and agent dependency handoffs, with AWS packaging assigned to Aditya. This original manifest group is not split into new findings or assigned by Git author.",current audit group; retain original reachability/status,Unknown/unattributed,,,False,D,Informational,intentional,requirements.txt,2,2,"Residual literal group: schema keys, messages, structural/default/test values outside specifically reviewed declaration spans; not a claim that each token is scientific data.",runtime,"Repository source; automated residual grouping, semantic coverage limited.",LITERAL_OCCURRENCES.csv lists each position; assigned only after reviewed spans are removed.,,,,Leave routine source literals; review individual positions before interpreting as operational data.,automated_residual,1,,0,0,0,0,0,0,0,0
RES-077,Unassigned,,Root local-development launcher,docs/aditya's_work/README.md:18-28; docs/work-split.md:39-71,Unassigned,The documented script list and member folder scopes do not name start.sh or its owner. No branch/history inference is used.,current audit group; retain original reachability/status,Unknown/unattributed,,,False,D,Informational,intentional,start.sh,5,259,"Residual literal group: schema keys, messages, structural/default/test values outside specifically reviewed declaration spans; not a claim that each token is scientific data.",development,"Repository source; automated residual grouping, semantic coverage limited.",LITERAL_OCCURRENCES.csv lists each position; assigned only after reviewed spans are removed.,,,,Leave routine source literals; review individual positions before interpreting as operational data.,automated_residual,101,,0,0,0,0,0,0,0,0
